-- GENERATED by scripts/db-dump.mjs — do not edit by hand.
-- Data-only snapshot of the 'dev' catalog (schema comes from migrations/).
-- Tables: categories, products, product_variants, pricing, pages, admin_settings
-- Regenerate: node scripts/db-dump.mjs --env dev

PRAGMA defer_foreign_keys=TRUE;

INSERT OR REPLACE INTO "categories" ("id","name","description","slug","status","parent_id","position","path","external_references","created_at","updated_at","children","product_count","attributes","tags","primary_image","media","seo","extensions") VALUES('cat_clearly_calendula','{"en":"Clearly Calendula"}','{"en":"Clear your skin from within. Our USDA-certified organic Clearly Calendula teas blend calendula flower with botanicals that help fight acne, calm blemishes, and support the glowing skin you deserve — a full day of skincare, one cup at a time."}','clearly-calendula','active',NULL,1,'/clearly-calendula','{"shopify_id":"265088467111"}','2021-04-19T14:36:19-06:00','2026-07-01 19:58:15','[]',0,'{}','[]','{"url":"categories/clearly-calendula.png","alt_text":"Clearly Calendula organic skincare teas"}',NULL,NULL,'{}');
INSERT OR REPLACE INTO "categories" ("id","name","description","slug","status","parent_id","position","path","external_references","created_at","updated_at","children","product_count","attributes","tags","primary_image","media","seo","extensions") VALUES('cat_drinkware','{"en":"Drinkware"}','{"en":"Enjoy your BeauTeas hot or iced wherever you go — mugs, travel mugs, and bottles made for your daily skincare-tea ritual."}','drinkware','active',NULL,2,'/drinkware','{"shopify_id":"271989538983"}','2026-06-29T23:10:32.263Z','2026-07-01 19:58:16','[]',0,'{}','[]','{"url":"categories/drinkware.png","alt_text":"BeauTeas drinkware"}',NULL,NULL,'{}');
INSERT OR REPLACE INTO "categories" ("id","name","description","slug","status","parent_id","position","path","external_references","created_at","updated_at","children","product_count","attributes","tags","primary_image","media","seo","extensions") VALUES('cat_gift_cards','{"en":"Gift Cards"}','{"en":"Give the gift of glowing skin. BeauTeas gift cards never expire and are perfect for anyone who loves tea and clean, plant-based beauty."}','gift-cards','active',NULL,3,'/gift-cards','{"shopify_id":"267631526055"}','2021-05-21T12:13:56-06:00','2026-07-01 19:58:17','[]',0,'{}','[]','{"url":"categories/gift-cards.png","alt_text":"BeauTeas gift cards"}',NULL,NULL,'{}');
INSERT OR REPLACE INTO "categories" ("id","name","description","slug","status","parent_id","position","path","external_references","created_at","updated_at","children","product_count","attributes","tags","primary_image","media","seo","extensions") VALUES('cat_frontpage','{"en":"Home page"}',NULL,'frontpage','inactive',NULL,4,'/frontpage','{"shopify_id":"262616350887"}','2021-03-21T20:45:48-06:00','2026-07-01 19:58:17','[]',0,'{}','[]',NULL,NULL,NULL,'{}');
INSERT OR REPLACE INTO "categories" ("id","name","description","slug","status","parent_id","position","path","external_references","created_at","updated_at","children","product_count","attributes","tags","primary_image","media","seo","extensions") VALUES('cat_best_selling_products','{"en":"Best Selling Products"}',NULL,'best-selling-products','inactive',NULL,5,'/best-selling-products','{"shopify_id":"267892064423"}','2021-05-24T14:21:10-06:00','2026-07-01 19:58:18','[]',0,'{}','[]',NULL,NULL,NULL,'{}');
INSERT OR REPLACE INTO "categories" ("id","name","description","slug","status","parent_id","position","path","external_references","created_at","updated_at","children","product_count","attributes","tags","primary_image","media","seo","extensions") VALUES('cat_newest_products','{"en":"Newest Products"}',NULL,'newest-products','inactive',NULL,6,'/newest-products','{"shopify_id":"267892097191"}','2021-05-24T14:21:11-06:00','2026-07-01 19:58:19','[]',0,'{}','[]',NULL,NULL,NULL,'{}');
INSERT OR REPLACE INTO "products" ("id","name","type","status","external_references","created_at","updated_at","description","slug","brand","categories","tags","options","default_variant_id","fulfillment_type","tax_category","primary_image","media","seo","rating","related_products","extensions") VALUES('gift-card','BeauTeas Gift Card','gift-card','active',NULL,'2026-06-29 22:06:50','2026-06-29 22:06:50','Give the gift of glow. A BeauTeas digital gift card is delivered straight to your recipient''s inbox and can be redeemed against any order at checkout.','gift-card','BeauTeas',NULL,NULL,NULL,NULL,'digital','txcd_10000000',NULL,NULL,NULL,NULL,NULL,NULL);
INSERT OR REPLACE INTO "products" ("id","name","type","status","external_references","created_at","updated_at","description","slug","brand","categories","tags","options","default_variant_id","fulfillment_type","tax_category","primary_image","media","seo","rating","related_products","extensions") VALUES('prod_a_gift_of_beauty','A Gift of Beauty - Gift Card','Gift Card','active','{"shopify_id":"6648019714215"}','2021-04-17T12:40:55-06:00','2026-06-29T23:10:36.938Z','{"en":"Give the gift of beauty! Our teas promote health and beauty and this gift card makes an excellent gift to pretty much anyone!\n\nExcept that one friend, who is already too good looking and is starting to get a bit of a ego about it...  Not her.\n\nOur gift cards never expire!"}','a-gift-of-beauty','BeauTeas.com','["cat_gift_cards"]',NULL,'[{"id":"title","name":"Title","type":"select","values":[{"id":"20-00-usd","value":"$20.00 USD"},{"id":"40-00-usd","value":"$40.00 USD"},{"id":"50-00-usd","value":"$50.00 USD"},{"id":"100-00-usd","value":"$100.00 USD"}]}]','variant_a_gift_of_beauty_2000usd','physical','food','{"url":"products/a-gift-of-beauty.jpg","alt_text":"A Gift of Beauty - Gift Card"}','[{"url":"products/a-gift-of-beauty.jpg","alt_text":"A Gift of Beauty - Gift Card"}]',NULL,NULL,NULL,'{"vendor":"BeauTeas.com","product_type":"Gift Card"}');
INSERT OR REPLACE INTO "products" ("id","name","type","status","external_references","created_at","updated_at","description","slug","brand","categories","tags","options","default_variant_id","fulfillment_type","tax_category","primary_image","media","seo","rating","related_products","extensions") VALUES('prod_beauteas_15oz_steel_travel_mug','BeauTeas 15oz Steel Travel Mug','Drinkware','archived','{"shopify_id":"6906107625639"}','2021-07-14T11:25:58-06:00','2026-06-29T23:10:36.938Z','{"en":"This insulated travel mug is perfect for taking your BeauTeas tea on the go.  Keep your morning tea warm for hours, or fill with iced tea on a hot day.  Stainless Steel is easy to clean and is BPA free, keeping your tea full of only the good stuff!"}','beauteas-15oz-steel-travel-mug','BeauTeas.com','["cat_drinkware"]',NULL,'[{"id":"title","name":"Title","type":"select","values":[{"id":"default-title","value":"Default Title"}]}]','variant_beauteas_15oz_steel_travel_mug_defaulttit','physical','food','{"url":"products/beauteas-15oz-steel-travel-mug.jpg","alt_text":"BeauTeas 15oz Steel Travel Mug"}','[{"url":"products/beauteas-15oz-steel-travel-mug.jpg","alt_text":"BeauTeas 15oz Steel Travel Mug"},{"url":"products/beauteas-15oz-steel-travel-mug-2.jpg","alt_text":"BeauTeas 15oz Steel Travel Mug"},{"url":"products/beauteas-15oz-steel-travel-mug-3.jpg","alt_text":"BeauTeas 15oz Steel Travel Mug"}]',NULL,NULL,NULL,'{"vendor":"BeauTeas.com","product_type":"Drinkware"}');
INSERT OR REPLACE INTO "products" ("id","name","type","status","external_references","created_at","updated_at","description","slug","brand","categories","tags","options","default_variant_id","fulfillment_type","tax_category","primary_image","media","seo","rating","related_products","extensions") VALUES('prod_beauteas_stainless_steel_water_or_tea_bottle','BeauTeas 22oz Insulated Steel Water or Tea Bottle','Drinkware','archived','{"shopify_id":"6905839288487"}','2021-07-14T09:37:23-06:00','2026-06-29T23:10:36.938Z','{"en":"This 22-ounce, double-walled stainless steel water bottle is perfect for your daily outings. It will keep your BeauTeas tea hot or cold for hours. It also features an odor- and leak-proof cap. Throw it in your car''s cup holder on your way to work, take it with you on hikes, or toss it in your bag for any time you get thirsty.\n\n• High-grade stainless steel\n• 17 oz (500 ml)\n• Dimensions: 10.6″ × 2.9″\n• Vacuum flask\n• Double-wall construction\n• Odorless and leak-proof cap\n• Insulated for hot and cold liquids (keeps the liquid hot for 12h or cold for 48h)\n• Hand-wash only (dishwasher not recommended due to vacuum seal)"}','beauteas-stainless-steel-water-or-tea-bottle','BeauTeas.com','["cat_drinkware"]',NULL,'[{"id":"title","name":"Title","type":"select","values":[{"id":"default-title","value":"Default Title"}]}]','variant_beauteas_stainless_steel_water_or_tea_bottle_634473210798','physical','food','{"url":"products/beauteas-stainless-steel-water-or-tea-bottle.jpg","alt_text":"BeauTeas 22oz Insulated Steel Water or Tea Bottle"}','[{"url":"products/beauteas-stainless-steel-water-or-tea-bottle.jpg","alt_text":"BeauTeas 22oz Insulated Steel Water or Tea Bottle"},{"url":"products/beauteas-stainless-steel-water-or-tea-bottle-2.jpg","alt_text":"BeauTeas 22oz Insulated Steel Water or Tea Bottle"},{"url":"products/beauteas-stainless-steel-water-or-tea-bottle-3.jpg","alt_text":"BeauTeas 22oz Insulated Steel Water or Tea Bottle"},{"url":"products/beauteas-stainless-steel-water-or-tea-bottle-4.jpg","alt_text":"BeauTeas 22oz Insulated Steel Water or Tea Bottle"}]',NULL,NULL,NULL,'{"vendor":"BeauTeas.com","product_type":"Drinkware"}');
INSERT OR REPLACE INTO "products" ("id","name","type","status","external_references","created_at","updated_at","description","slug","brand","categories","tags","options","default_variant_id","fulfillment_type","tax_category","primary_image","media","seo","rating","related_products","extensions") VALUES('prod_beauteas_white_glossy_mug','BeauTeas White Glossy Tea Mug','Mugs','archived','{"shopify_id":"6905811566759"}','2021-07-14T09:31:10-06:00','2026-06-29T23:10:36.938Z','{"en":"Whether you''re drinking your tea in the morning, at work, or in bed – this mug''s for you! It''s sturdy and glossy and safe in the microwave and dishwasher.\n\n• Ceramic Tea Mug\n• 11 oz mug dimensions: 3.85″ tall, 3.35″ in diameter\n• 15 oz mug dimensions: 4.7″ tall, 3.35″ in diameter\n• Dishwasher and microwave safe\n• Lead and BPA Free"}','beauteas-white-glossy-mug','BeauTeas.com','["cat_drinkware"]',NULL,'[{"id":"size","name":"Size","type":"select","values":[{"id":"11oz","value":"11oz"},{"id":"15oz","value":"15oz"}]}]','variant_beauteas_white_glossy_mug_97549621320','physical','food','{"url":"products/beauteas-white-glossy-mug.jpg","alt_text":"BeauTeas White Glossy Tea Mug"}','[{"url":"products/beauteas-white-glossy-mug.jpg","alt_text":"BeauTeas White Glossy Tea Mug"},{"url":"products/beauteas-white-glossy-mug-2.jpg","alt_text":"BeauTeas White Glossy Tea Mug"},{"url":"products/beauteas-white-glossy-mug-3.jpg","alt_text":"BeauTeas White Glossy Tea Mug"},{"url":"products/beauteas-white-glossy-mug-4.jpg","alt_text":"BeauTeas White Glossy Tea Mug"},{"url":"products/beauteas-white-glossy-mug-5.jpg","alt_text":"BeauTeas White Glossy Tea Mug"},{"url":"products/beauteas-white-glossy-mug-6.jpg","alt_text":"BeauTeas White Glossy Tea Mug"},{"url":"products/beauteas-white-glossy-mug-7.jpg","alt_text":"BeauTeas White Glossy Tea Mug"}]',NULL,NULL,NULL,'{"vendor":"BeauTeas.com","product_type":"Mugs"}');
INSERT OR REPLACE INTO "products" ("id","name","type","status","external_references","created_at","updated_at","description","slug","brand","categories","tags","options","default_variant_id","fulfillment_type","tax_category","primary_image","media","seo","rating","related_products","extensions") VALUES('prod_clearly_calendula_afternoon','Clearly Calendula Afternoon','Tea Bags','active','{"shopify_id":"6648001003687"}','2021-04-17T12:30:33-06:00','2026-07-01 19:58:12','{"en":"Power through your afternoon with our refreshing organic green tea blend designed for skin health and sustained energy. This unique blend combines premium Dragonwell and Sencha green teas with lemon verbena, spearmint, peppermint, and calendula petals. Perfect hot or iced, at work, school, or the gym. The calendula fights bacteria and stimulates collagen, spearmint provides anti-inflammatory benefits, and lemon verbena combats acne-causing bacteria. Enjoy smooth, long-lasting energy while supporting your skin health journey. 100% USDA Certified Organic."}','clearly-calendula-afternoon','BeauTeas.com','["cat_frontpage","cat_clearly_calendula"]',NULL,'[{"id":"size","name":"Size","type":"select","values":[{"id":"one-box-10-tea-bags","value":"One box (10 tea bags)"},{"id":"three-boxes-30-tea-bags","value":"Three boxes (30 tea bags)"}]}]','variant_clearly_calendula_afternoon_btcca1','physical','food','{"url":"products/clearly-calendula-afternoon.jpg","alt_text":"Clearly Calendula Afternoon"}','[{"url":"products/clearly-calendula-afternoon.jpg","alt_text":"Clearly Calendula Afternoon"},{"url":"products/clearly-calendula-afternoon-2.jpg","alt_text":"Clearly Calendula Afternoon"},{"url":"products/clearly-calendula-afternoon-3.jpg","alt_text":"Clearly Calendula Afternoon"},{"url":"products/clearly-calendula-afternoon-4.jpg","alt_text":"Clearly Calendula Afternoon"},{"url":"products/clearly-calendula-afternoon-5.jpg","alt_text":"Clearly Calendula Afternoon"},{"url":"products/clearly-calendula-afternoon-6.jpg","alt_text":"Clearly Calendula Afternoon"},{"url":"products/clearly-calendula-afternoon-7.jpg","alt_text":"Clearly Calendula Afternoon"}]',NULL,NULL,NULL,'{"vendor":"BeauTeas.com","product_type":"Tea Bags","ingredients":"Organic Dragonwell Green Tea, Organic Sencha Green Tea, organic lemon verbena, organic spearmint, organic peppermint, organic calendula petals","caffeine":"caffeinated","servings":"10 tea bags per box","benefits":["Fights acne-causing bacteria","Heals acne and skin damage","Aids weight loss","Reduces hormone swings","Smooth long-lasting energy","Rich in antioxidants"],"certifications":["USDA Organic"],"brewing":{"temp":"175°F","time":"2-3 minutes"}}');
INSERT OR REPLACE INTO "products" ("id","name","type","status","external_references","created_at","updated_at","description","slug","brand","categories","tags","options","default_variant_id","fulfillment_type","tax_category","primary_image","media","seo","rating","related_products","extensions") VALUES('prod_clearly_calendula_evening','Clearly Calendula Evening','Tea Bags','active','{"shopify_id":"6648004804775"}','2021-04-17T12:32:25-06:00','2026-07-01 19:58:13','{"en":"Wind down your day with our soothing caffeine-free herbal blend designed for evening relaxation and overnight skin repair. This calming tea combines organic chamomile, rooibos, spearmint, peppermint, and calendula petals. Chamomile promotes relaxation, calendula heals and fights bacteria, spearmint controls hormone-based acne, peppermint reduces oil production, and rooibos delivers antioxidants plus natural alpha hydroxy acids (AHA) for gentle skin renewal. Enjoy before bed for a restful sleep while your skin repairs. 100% USDA Certified Organic and completely caffeine-free."}','clearly-calendula-evening','BeauTeas.com','["cat_frontpage","cat_clearly_calendula"]',NULL,'[{"id":"size","name":"Size","type":"select","values":[{"id":"one-box-10-tea-bags","value":"One box (10 tea bags)"},{"id":"three-boxes-30-tea-bags","value":"Three boxes (30 tea bags)"}]}]','variant_clearly_calendula_evening_btcce1','physical','food','{"url":"products/clearly-calendula-evening.jpg","alt_text":"Clearly Calendula Evening"}','[{"url":"products/clearly-calendula-evening.jpg","alt_text":"Clearly Calendula Evening"},{"url":"products/clearly-calendula-evening-2.jpg","alt_text":"Clearly Calendula Evening"},{"url":"products/clearly-calendula-evening-3.jpg","alt_text":"Clearly Calendula Evening"},{"url":"products/clearly-calendula-evening-4.jpg","alt_text":"Clearly Calendula Evening"},{"url":"products/clearly-calendula-evening-5.jpg","alt_text":"Clearly Calendula Evening"},{"url":"products/clearly-calendula-evening-6.jpg","alt_text":"Clearly Calendula Evening"},{"url":"products/clearly-calendula-evening-7.jpg","alt_text":"Clearly Calendula Evening"}]',NULL,NULL,NULL,'{"vendor":"BeauTeas.com","product_type":"Tea Bags","ingredients":"Organic chamomile, organic rooibos, organic spearmint, organic peppermint, organic calendula petals","caffeine":"caffeine-free","servings":"10 tea bags per box","benefits":["Fights acne-causing bacteria","Heals acne and skin damage","Contains alpha hydroxy acid (AHA)","Reduces hormone-based acne","Soothing and calming","Rich in antioxidants"],"certifications":["USDA Organic"],"brewing":{"temp":"212°F","time":"5-7 minutes"}}');
INSERT OR REPLACE INTO "products" ("id","name","type","status","external_references","created_at","updated_at","description","slug","brand","categories","tags","options","default_variant_id","fulfillment_type","tax_category","primary_image","media","seo","rating","related_products","extensions") VALUES('prod_clearly_calendula_full_package','Clearly Calendula Mega Month','Tea Bags','active','{"shopify_id":"6652115910823"}','2021-04-19T16:23:14-06:00','2026-07-01 19:58:14','{"en":"Discover the complete Clearly Calendula collection with our sample pack featuring one box (10 tea bags) each of Morning (black tea), Afternoon (green tea), and Evening (herbal tea). Experience the full day of skincare tea benefits - energize in the morning, maintain focus in the afternoon, and relax in the evening while your skin heals and rejuvenates around the clock. All teas are 100% USDA Certified Organic with compostable tea bags made from sugarcane. The perfect introduction to beauty from within or a thoughtful gift for tea and skincare enthusiasts."}','clearly-calendula-full-package','BeauTeas.com','["cat_clearly_calendula"]',NULL,'[{"id":"title","name":"Title","type":"select","values":[{"id":"default-title","value":"Default Title"}]}]','variant_clearly_calendula_full_package_btccfp','physical','food','{"url":"products/clearly-calendula-full-package.jpg","alt_text":"Clearly Calendula Mega Month"}','[{"url":"products/clearly-calendula-full-package.jpg","alt_text":"Clearly Calendula Mega Month"},{"url":"products/clearly-calendula-full-package-2.jpg","alt_text":"Clearly Calendula Mega Month"},{"url":"products/clearly-calendula-full-package-3.jpg","alt_text":"Clearly Calendula Mega Month"},{"url":"products/clearly-calendula-full-package-4.jpg","alt_text":"Clearly Calendula Mega Month"}]',NULL,NULL,NULL,'{"vendor":"BeauTeas.com","product_type":"Tea Bags","benefits":["100% USDA Certified Organic","Fights and heals acne","Increases collagen production","Rich in antioxidants","Hydrating and flavorful","Sugar-free/zero calorie","All-natural clean beauty"],"certifications":["USDA Organic"]}');
INSERT OR REPLACE INTO "products" ("id","name","type","status","external_references","created_at","updated_at","description","slug","brand","categories","tags","options","default_variant_id","fulfillment_type","tax_category","primary_image","media","seo","rating","related_products","extensions") VALUES('prod_clearly_calendula_morning','Clearly Calendula Morning','Tea Bags','active','{"shopify_id":"6647993761959"}','2021-04-17T12:26:24-06:00','2026-07-01 19:58:11','{"en":"Start your day with our energizing organic black tea blend designed for skincare benefits. This enhanced Earl Grey combines premium Assam and Qu Hao black teas with lavender, spearmint, vanilla, peppermint, and calendula petals. The smooth Earl Grey flavor with hints of mint and vanilla provides lasting energy while fighting acne-causing bacteria, healing skin damage, increasing collagen production, and delivering powerful antioxidants. Drink one or two cups in the morning to energize while rehydrating and repairing skin. 100% USDA Certified Organic."}','clearly-calendula-morning','BeauTeas.com','["cat_frontpage","cat_clearly_calendula"]',NULL,'[{"id":"size","name":"Size","type":"select","values":[{"id":"one-box-10-tea-bags","value":"One box (10 tea bags)"},{"id":"three-boxes-30-tea-bags","value":"Three boxes (30 tea bags)"}]}]','variant_clearly_calendula_morning_btccm1','physical','food','{"url":"products/clearly-calendula-morning.jpg","alt_text":"Clearly Calendula Morning"}','[{"url":"products/clearly-calendula-morning.jpg","alt_text":"Clearly Calendula Morning"},{"url":"products/clearly-calendula-morning-2.jpg","alt_text":"Clearly Calendula Morning"},{"url":"products/clearly-calendula-morning-3.jpg","alt_text":"Clearly Calendula Morning"},{"url":"products/clearly-calendula-morning-4.jpg","alt_text":"Clearly Calendula Morning"},{"url":"products/clearly-calendula-morning-5.jpg","alt_text":"Clearly Calendula Morning"},{"url":"products/clearly-calendula-morning-6.jpg","alt_text":"Clearly Calendula Morning"}]',NULL,NULL,NULL,'{"vendor":"BeauTeas.com","product_type":"Tea Bags","ingredients":"Organic Assam Black Tea, Organic Qu Hao Black Tea, organic lavender, organic spearmint, organic vanilla flavoring, organic peppermint, organic calendula petals","caffeine":"caffeinated","servings":"10 tea bags per box","benefits":["Fights acne-causing bacteria","Heals acne and skin damage","Increases collagen production","Reduces hormone swings","Smooth lasting energy","Rich in antioxidants"],"certifications":["USDA Organic"],"brewing":{"temp":"212°F","time":"3-5 minutes"}}');
INSERT OR REPLACE INTO "products" ("id","name","type","status","external_references","created_at","updated_at","description","slug","brand","categories","tags","options","default_variant_id","fulfillment_type","tax_category","primary_image","media","seo","rating","related_products","extensions") VALUES('prod_clearly_calendula_sample_pack','Clearly Calendula Sample Pack','Tea Bags','active','{"shopify_id":"6652098674855"}','2021-04-19T16:16:03-06:00','2026-07-01 19:58:14','{"en":"Discover the complete Clearly Calendula collection with our sample pack featuring one box (10 tea bags) each of Morning (black tea), Afternoon (green tea), and Evening (herbal tea). Experience the full day of skincare tea benefits - energize in the morning, maintain focus in the afternoon, and relax in the evening while your skin heals and rejuvenates around the clock. All teas are 100% USDA Certified Organic with compostable tea bags made from sugarcane. The perfect introduction to beauty from within or a thoughtful gift for tea and skincare enthusiasts."}','clearly-calendula-sample-pack','BeauTeas.com','["cat_clearly_calendula"]',NULL,'[{"id":"title","name":"Title","type":"select","values":[{"id":"default-title","value":"Default Title"}]}]','variant_clearly_calendula_sample_pack_btccsp','physical','food','{"url":"products/clearly-calendula-sample-pack.jpg","alt_text":"Clearly Calendula Sample Pack"}','[{"url":"products/clearly-calendula-sample-pack.jpg","alt_text":"Clearly Calendula Sample Pack"},{"url":"products/clearly-calendula-sample-pack-2.jpg","alt_text":"Clearly Calendula Sample Pack"},{"url":"products/clearly-calendula-sample-pack-3.jpg","alt_text":"Clearly Calendula Sample Pack"}]',NULL,NULL,NULL,'{"vendor":"BeauTeas.com","product_type":"Tea Bags","benefits":["100% USDA Certified Organic","Fights and heals acne","Increases collagen production","Rich in antioxidants","Hydrating and flavorful","Sugar-free/zero calorie","All-natural clean beauty"],"certifications":["USDA Organic"]}');
INSERT OR REPLACE INTO "product_variants" ("id","product_id","sku","option_values","price","status","position","compare_at_price","cost","weight","dimensions","barcode","inventory","tax_category","shipping_required","media","attributes","created_at","updated_at") VALUES('gift-card-25','gift-card','GIFTCARD-25','[{"option_id":"denomination","value":"$25"}]','{"amount":2500,"currency":"USD"}','active',1,NULL,NULL,NULL,NULL,NULL,NULL,NULL,0,NULL,NULL,'2026-06-29 22:06:50','2026-06-29 22:06:50');
INSERT OR REPLACE INTO "product_variants" ("id","product_id","sku","option_values","price","status","position","compare_at_price","cost","weight","dimensions","barcode","inventory","tax_category","shipping_required","media","attributes","created_at","updated_at") VALUES('gift-card-50','gift-card','GIFTCARD-50','[{"option_id":"denomination","value":"$50"}]','{"amount":5000,"currency":"USD"}','active',2,NULL,NULL,NULL,NULL,NULL,NULL,NULL,0,NULL,NULL,'2026-06-29 22:06:50','2026-06-29 22:06:50');
INSERT OR REPLACE INTO "product_variants" ("id","product_id","sku","option_values","price","status","position","compare_at_price","cost","weight","dimensions","barcode","inventory","tax_category","shipping_required","media","attributes","created_at","updated_at") VALUES('gift-card-100','gift-card','GIFTCARD-100','[{"option_id":"denomination","value":"$100"}]','{"amount":10000,"currency":"USD"}','active',3,NULL,NULL,NULL,NULL,NULL,NULL,NULL,0,NULL,NULL,'2026-06-29 22:06:50','2026-06-29 22:06:50');
INSERT OR REPLACE INTO "product_variants" ("id","product_id","sku","option_values","price","status","position","compare_at_price","cost","weight","dimensions","barcode","inventory","tax_category","shipping_required","media","attributes","created_at","updated_at") VALUES('variant_a_gift_of_beauty_2000usd','prod_a_gift_of_beauty','a-gift-of-beauty-1','[{"option_id":"title","value":"$20.00 USD"}]','{"amount":2000,"currency":"USD"}','active',1,NULL,NULL,NULL,NULL,NULL,'{"track_inventory":true,"quantity":0,"allow_backorder":false}','food',0,'[]',NULL,'2021-04-17T12:40:55-06:00','2026-06-29T23:10:36.938Z');
INSERT OR REPLACE INTO "product_variants" ("id","product_id","sku","option_values","price","status","position","compare_at_price","cost","weight","dimensions","barcode","inventory","tax_category","shipping_required","media","attributes","created_at","updated_at") VALUES('variant_a_gift_of_beauty_4000usd','prod_a_gift_of_beauty','a-gift-of-beauty-2','[{"option_id":"title","value":"$40.00 USD"}]','{"amount":4000,"currency":"USD"}','active',2,NULL,NULL,NULL,NULL,NULL,'{"track_inventory":true,"quantity":0,"allow_backorder":false}','food',0,'[]',NULL,'2021-04-17T12:40:55-06:00','2026-06-29T23:10:36.938Z');
INSERT OR REPLACE INTO "product_variants" ("id","product_id","sku","option_values","price","status","position","compare_at_price","cost","weight","dimensions","barcode","inventory","tax_category","shipping_required","media","attributes","created_at","updated_at") VALUES('variant_a_gift_of_beauty_5000usd','prod_a_gift_of_beauty','a-gift-of-beauty-3','[{"option_id":"title","value":"$50.00 USD"}]','{"amount":5000,"currency":"USD"}','active',3,NULL,NULL,NULL,NULL,NULL,'{"track_inventory":true,"quantity":0,"allow_backorder":false}','food',0,'[]',NULL,'2021-04-17T12:40:55-06:00','2026-06-29T23:10:36.938Z');
INSERT OR REPLACE INTO "product_variants" ("id","product_id","sku","option_values","price","status","position","compare_at_price","cost","weight","dimensions","barcode","inventory","tax_category","shipping_required","media","attributes","created_at","updated_at") VALUES('variant_a_gift_of_beauty_10000usd','prod_a_gift_of_beauty','a-gift-of-beauty-4','[{"option_id":"title","value":"$100.00 USD"}]','{"amount":10000,"currency":"USD"}','active',4,NULL,NULL,NULL,NULL,NULL,'{"track_inventory":true,"quantity":0,"allow_backorder":false}','food',0,'[]',NULL,'2021-04-17T12:40:55-06:00','2026-06-29T23:10:36.938Z');
INSERT OR REPLACE INTO "product_variants" ("id","product_id","sku","option_values","price","status","position","compare_at_price","cost","weight","dimensions","barcode","inventory","tax_category","shipping_required","media","attributes","created_at","updated_at") VALUES('variant_beauteas_15oz_steel_travel_mug_defaulttit','prod_beauteas_15oz_steel_travel_mug','beauteas-15oz-steel-travel-mug-1','[{"option_id":"title","value":"Default Title"}]','{"amount":2999,"currency":"USD"}','active',1,NULL,NULL,'{"value":454,"unit":"g"}',NULL,NULL,'{"track_inventory":true,"quantity":-4,"allow_backorder":false}','food',1,'[]',NULL,'2021-07-14T11:25:58-06:00','2026-06-29T23:10:36.938Z');
INSERT OR REPLACE INTO "product_variants" ("id","product_id","sku","option_values","price","status","position","compare_at_price","cost","weight","dimensions","barcode","inventory","tax_category","shipping_required","media","attributes","created_at","updated_at") VALUES('variant_beauteas_stainless_steel_water_or_tea_bottle_634473210798','prod_beauteas_stainless_steel_water_or_tea_bottle','6344732_10798','[{"option_id":"title","value":"Default Title"}]','{"amount":3299,"currency":"USD"}','active',1,NULL,NULL,'{"value":454,"unit":"g"}',NULL,NULL,'{"track_inventory":true,"quantity":-1,"allow_backorder":false}','food',1,'[]',NULL,'2021-07-14T09:37:23-06:00','2026-06-29T23:10:36.938Z');
INSERT OR REPLACE INTO "product_variants" ("id","product_id","sku","option_values","price","status","position","compare_at_price","cost","weight","dimensions","barcode","inventory","tax_category","shipping_required","media","attributes","created_at","updated_at") VALUES('variant_beauteas_white_glossy_mug_97549621320','prod_beauteas_white_glossy_mug','9754962_1320','[{"option_id":"size","value":"11oz"}]','{"amount":1199,"currency":"USD"}','active',1,NULL,NULL,'{"value":369,"unit":"g"}',NULL,NULL,'{"track_inventory":true,"quantity":0,"allow_backorder":false}','food',1,'[]',NULL,'2021-07-14T09:31:10-06:00','2026-06-29T23:10:36.938Z');
INSERT OR REPLACE INTO "product_variants" ("id","product_id","sku","option_values","price","status","position","compare_at_price","cost","weight","dimensions","barcode","inventory","tax_category","shipping_required","media","attributes","created_at","updated_at") VALUES('variant_beauteas_white_glossy_mug_97549624830','prod_beauteas_white_glossy_mug','9754962_4830','[{"option_id":"size","value":"15oz"}]','{"amount":1399,"currency":"USD"}','active',2,NULL,NULL,'{"value":454,"unit":"g"}',NULL,NULL,'{"track_inventory":true,"quantity":0,"allow_backorder":false}','food',1,'[]',NULL,'2021-07-14T09:31:11-06:00','2026-06-29T23:10:36.938Z');
INSERT OR REPLACE INTO "product_variants" ("id","product_id","sku","option_values","price","status","position","compare_at_price","cost","weight","dimensions","barcode","inventory","tax_category","shipping_required","media","attributes","created_at","updated_at") VALUES('variant_clearly_calendula_afternoon_btcca1','prod_clearly_calendula_afternoon','BTCCA1','[{"option_id":"size","value":"One box (10 tea bags)"}]','{"amount":1499,"currency":"USD"}','active',1,'{"amount":2000,"currency":"USD"}',NULL,'{"value":113,"unit":"g"}',NULL,'860004719915','{"track_inventory":true,"quantity":610,"allow_backorder":false}','food',1,'[]',NULL,'2021-04-19T16:13:22-06:00','2026-06-29T23:10:36.938Z');
INSERT OR REPLACE INTO "product_variants" ("id","product_id","sku","option_values","price","status","position","compare_at_price","cost","weight","dimensions","barcode","inventory","tax_category","shipping_required","media","attributes","created_at","updated_at") VALUES('variant_clearly_calendula_afternoon_btcca3','prod_clearly_calendula_afternoon','BTCCA3','[{"option_id":"size","value":"Three boxes (30 tea bags)"}]','{"amount":3499,"currency":"USD"}','active',2,'{"amount":6000,"currency":"USD"}',NULL,'{"value":340,"unit":"g"}',NULL,NULL,'{"track_inventory":true,"quantity":203,"allow_backorder":false}','food',1,'[]',NULL,'2021-04-19T16:13:22-06:00','2026-06-29T23:10:36.938Z');
INSERT OR REPLACE INTO "product_variants" ("id","product_id","sku","option_values","price","status","position","compare_at_price","cost","weight","dimensions","barcode","inventory","tax_category","shipping_required","media","attributes","created_at","updated_at") VALUES('variant_clearly_calendula_evening_btcce1','prod_clearly_calendula_evening','BTCCE1','[{"option_id":"size","value":"One box (10 tea bags)"}]','{"amount":1499,"currency":"USD"}','active',1,'{"amount":2000,"currency":"USD"}',NULL,'{"value":113,"unit":"g"}',NULL,'860004719922','{"track_inventory":true,"quantity":250,"allow_backorder":false}','food',1,'[]',NULL,'2021-05-19T13:39:06-06:00','2026-06-29T23:10:36.938Z');
INSERT OR REPLACE INTO "product_variants" ("id","product_id","sku","option_values","price","status","position","compare_at_price","cost","weight","dimensions","barcode","inventory","tax_category","shipping_required","media","attributes","created_at","updated_at") VALUES('variant_clearly_calendula_evening_btcce3','prod_clearly_calendula_evening','BTCCE3','[{"option_id":"size","value":"Three boxes (30 tea bags)"}]','{"amount":3499,"currency":"USD"}','active',2,'{"amount":6000,"currency":"USD"}',NULL,'{"value":340,"unit":"g"}',NULL,NULL,'{"track_inventory":true,"quantity":63,"allow_backorder":false}','food',1,'[]',NULL,'2021-05-19T13:39:06-06:00','2026-06-29T23:10:36.938Z');
INSERT OR REPLACE INTO "product_variants" ("id","product_id","sku","option_values","price","status","position","compare_at_price","cost","weight","dimensions","barcode","inventory","tax_category","shipping_required","media","attributes","created_at","updated_at") VALUES('variant_clearly_calendula_full_package_btccfp','prod_clearly_calendula_full_package','BTCCFP','[{"option_id":"title","value":"Default Title"}]','{"amount":9999,"currency":"USD"}','active',1,'{"amount":18000,"currency":"USD"}',NULL,'{"value":726,"unit":"g"}',NULL,NULL,'{"track_inventory":true,"quantity":82,"allow_backorder":false}','food',1,'[]',NULL,'2021-04-19T16:23:14-06:00','2026-06-29T23:10:36.938Z');
INSERT OR REPLACE INTO "product_variants" ("id","product_id","sku","option_values","price","status","position","compare_at_price","cost","weight","dimensions","barcode","inventory","tax_category","shipping_required","media","attributes","created_at","updated_at") VALUES('variant_clearly_calendula_morning_btccm1','prod_clearly_calendula_morning','BTCCM1','[{"option_id":"size","value":"One box (10 tea bags)"}]','{"amount":1499,"currency":"USD"}','active',1,'{"amount":2000,"currency":"USD"}',NULL,'{"value":113,"unit":"g"}',NULL,'860004719908','{"track_inventory":true,"quantity":373,"allow_backorder":false}','food',1,'[]',NULL,'2021-05-19T13:40:48-06:00','2026-06-29T23:10:36.938Z');
INSERT OR REPLACE INTO "product_variants" ("id","product_id","sku","option_values","price","status","position","compare_at_price","cost","weight","dimensions","barcode","inventory","tax_category","shipping_required","media","attributes","created_at","updated_at") VALUES('variant_clearly_calendula_morning_btccm3','prod_clearly_calendula_morning','BTCCM3','[{"option_id":"size","value":"Three boxes (30 tea bags)"}]','{"amount":3499,"currency":"USD"}','active',2,'{"amount":6000,"currency":"USD"}',NULL,'{"value":340,"unit":"g"}',NULL,NULL,'{"track_inventory":true,"quantity":124,"allow_backorder":false}','food',1,'[]',NULL,'2021-05-19T13:40:48-06:00','2026-06-29T23:10:36.938Z');
INSERT OR REPLACE INTO "product_variants" ("id","product_id","sku","option_values","price","status","position","compare_at_price","cost","weight","dimensions","barcode","inventory","tax_category","shipping_required","media","attributes","created_at","updated_at") VALUES('variant_clearly_calendula_sample_pack_btccsp','prod_clearly_calendula_sample_pack','BTCCSP','[{"option_id":"title","value":"Default Title"}]','{"amount":3499,"currency":"USD"}','active',1,'{"amount":4375,"currency":"USD"}',NULL,'{"value":340,"unit":"g"}',NULL,NULL,'{"track_inventory":true,"quantity":250,"allow_backorder":false}','food',1,'[]',NULL,'2021-04-19T16:16:03-06:00','2026-06-29T23:10:36.938Z');
INSERT OR REPLACE INTO "admin_settings" ("key","value","category","description","data_type","created_at","updated_at") VALUES('promo_enabled','true','store',NULL,'boolean','2026-03-08 18:29:06','2026-03-08 18:29:06');
INSERT OR REPLACE INTO "admin_settings" ("key","value","category","description","data_type","created_at","updated_at") VALUES('promo_message','🍵 Holiday Sale: 30% off all teas through December 31st! Use code GLOW30','store',NULL,'string','2026-03-08 18:29:06','2026-03-08 18:29:06');
INSERT OR REPLACE INTO "admin_settings" ("key","value","category","description","data_type","created_at","updated_at") VALUES('promo_link','/sale','store',NULL,'string','2026-03-08 18:29:06','2026-03-08 18:29:06');
INSERT OR REPLACE INTO "admin_settings" ("key","value","category","description","data_type","created_at","updated_at") VALUES('promo_link_text','Shop Now','store',NULL,'string','2026-03-08 18:29:06','2026-03-08 18:29:06');
INSERT OR REPLACE INTO "admin_settings" ("key","value","category","description","data_type","created_at","updated_at") VALUES('store_name','BeauTeas','store',NULL,'string','2026-03-08 18:29:09','2026-03-08 18:29:09');
INSERT OR REPLACE INTO "admin_settings" ("key","value","category","description","data_type","created_at","updated_at") VALUES('store_tagline','Build Your Beauty from Within','store',NULL,'string','2026-03-08 18:29:09','2026-03-08 18:29:09');
INSERT OR REPLACE INTO "admin_settings" ("key","value","category","description","data_type","created_at","updated_at") VALUES('store_description','Organic skincare teas designed to improve your beauty from within. USDA certified organic tea blends with calendula, chamomile, and more.','store',NULL,'string','2026-03-08 18:29:09','2026-03-08 18:29:09');
INSERT OR REPLACE INTO "admin_settings" ("key","value","category","description","data_type","created_at","updated_at") VALUES('social_instagram','https://instagram.com/beauteas','store',NULL,'string','2026-03-08 18:29:09','2026-03-08 18:29:09');
INSERT OR REPLACE INTO "admin_settings" ("key","value","category","description","data_type","created_at","updated_at") VALUES('social_facebook','https://facebook.com/beauteas','store',NULL,'string','2026-03-08 18:29:09','2026-03-08 18:29:09');
INSERT OR REPLACE INTO "admin_settings" ("key","value","category","description","data_type","created_at","updated_at") VALUES('social_pinterest','https://pinterest.com/beauteas','store',NULL,'string','2026-03-08 18:29:09','2026-03-08 18:29:09');
INSERT OR REPLACE INTO "admin_settings" ("key","value","category","description","data_type","created_at","updated_at") VALUES('social_linkedin','https://linkedin.com/company/beauteas','store',NULL,'string','2026-03-08 18:29:09','2026-03-08 18:29:09');
INSERT OR REPLACE INTO "admin_settings" ("key","value","category","description","data_type","created_at","updated_at") VALUES('currency','USD','store',NULL,'string','2026-03-08 18:29:09','2026-03-08 18:29:09');
INSERT OR REPLACE INTO "admin_settings" ("key","value","category","description","data_type","created_at","updated_at") VALUES('tax_enabled','false','store',NULL,'boolean','2026-03-08 18:29:09','2026-03-08 18:29:09');
INSERT OR REPLACE INTO "admin_settings" ("key","value","category","description","data_type","created_at","updated_at") VALUES('system.maintenance_mode','false','system',NULL,'boolean','2026-07-01T17:08:44.561Z','2026-07-01T17:08:44.561Z');
INSERT OR REPLACE INTO "admin_settings" ("key","value","category","description","data_type","created_at","updated_at") VALUES('system.maintenance_message','"We''re making some improvements! We''ll be back soon."','system',NULL,'string','2026-07-01T17:08:44.663Z','2026-07-01T17:08:44.663Z');
INSERT OR REPLACE INTO "admin_settings" ("key","value","category","description","data_type","created_at","updated_at") VALUES('system.debug_mode','false','system',NULL,'boolean','2026-07-01T17:08:44.751Z','2026-07-01T17:08:44.751Z');
INSERT OR REPLACE INTO "admin_settings" ("key","value","category","description","data_type","created_at","updated_at") VALUES('store.free_shipping_threshold','75','store',NULL,'number','2026-07-01T17:08:44.840Z','2026-07-01T17:08:44.840Z');
INSERT OR REPLACE INTO "admin_settings" ("key","value","category","description","data_type","created_at","updated_at") VALUES('store.tax_rate','8.25','store',NULL,'number','2026-07-01T17:08:44.937Z','2026-07-01T17:08:44.937Z');
INSERT OR REPLACE INTO "admin_settings" ("key","value","category","description","data_type","created_at","updated_at") VALUES('store.auto_fulfill_orders','true','store',NULL,'boolean','2026-07-01T17:08:45.034Z','2026-07-01T17:08:45.034Z');
INSERT OR REPLACE INTO "admin_settings" ("key","value","category","description","data_type","created_at","updated_at") VALUES('shipping.methods','[{"id":"standard","label":"Standard (5–7 days)","cost":5.99,"estimatedDays":5,"enabled":true},{"id":"express","label":"Express (2–3 days)","cost":9.99,"estimatedDays":2,"enabled":true},{"id":"overnight","label":"Overnight","cost":19.99,"estimatedDays":1,"enabled":true}]','shipping',NULL,'object','2026-07-01T17:08:45.156Z','2026-07-01T17:08:45.156Z');
INSERT OR REPLACE INTO "admin_settings" ("key","value","category","description","data_type","created_at","updated_at") VALUES('shipping.free_methods','["standard"]','shipping',NULL,'object','2026-07-01T17:08:45.256Z','2026-07-01T17:08:45.256Z');
INSERT OR REPLACE INTO "admin_settings" ("key","value","category","description","data_type","created_at","updated_at") VALUES('refund.shipping_refunded_partial','false','refund',NULL,'boolean','2026-07-01T17:08:45.351Z','2026-07-01T17:08:45.351Z');
INSERT OR REPLACE INTO "admin_settings" ("key","value","category","description","data_type","created_at","updated_at") VALUES('refund.shipping_refunded_full','false','refund',NULL,'boolean','2026-07-01T17:08:45.442Z','2026-07-01T17:08:45.442Z');
INSERT OR REPLACE INTO "admin_settings" ("key","value","category","description","data_type","created_at","updated_at") VALUES('refund.restocking_fee_percent','0','refund',NULL,'number','2026-07-01T17:08:45.533Z','2026-07-01T17:08:45.533Z');
INSERT OR REPLACE INTO "admin_settings" ("key","value","category","description","data_type","created_at","updated_at") VALUES('refund.return_window_days','30','refund',NULL,'number','2026-07-01T17:08:45.625Z','2026-07-01T17:08:45.625Z');
INSERT OR REPLACE INTO "admin_settings" ("key","value","category","description","data_type","created_at","updated_at") VALUES('refund.minimum_refund_amount','500','refund',NULL,'number','2026-07-01T17:08:45.718Z','2026-07-01T17:08:45.718Z');
INSERT OR REPLACE INTO "admin_settings" ("key","value","category","description","data_type","created_at","updated_at") VALUES('promotions.site_wide_discount_percent','0','promotions',NULL,'number','2026-07-01T17:08:45.810Z','2026-07-01T17:08:45.810Z');
INSERT OR REPLACE INTO "admin_settings" ("key","value","category","description","data_type","created_at","updated_at") VALUES('promotions.banner_enabled','false','promotions',NULL,'boolean','2026-07-01T17:08:45.905Z','2026-07-01T17:08:45.905Z');
INSERT OR REPLACE INTO "admin_settings" ("key","value","category","description","data_type","created_at","updated_at") VALUES('promotions.banner_text','"🎉 Free shipping on orders over $75!"','promotions',NULL,'string','2026-07-01T17:08:45.994Z','2026-07-01T17:08:45.994Z');
INSERT OR REPLACE INTO "admin_settings" ("key","value","category","description","data_type","created_at","updated_at") VALUES('promotions.banner_type','"info"','promotions',NULL,'string','2026-07-01T17:08:46.122Z','2026-07-01T17:08:46.122Z');
INSERT OR REPLACE INTO "admin_settings" ("key","value","category","description","data_type","created_at","updated_at") VALUES('promotions.new_customer_discount','0','promotions',NULL,'number','2026-07-01T17:08:46.218Z','2026-07-01T17:08:46.218Z');
INSERT OR REPLACE INTO "admin_settings" ("key","value","category","description","data_type","created_at","updated_at") VALUES('social.instagram','"https://www.instagram.com/beauteas1"','social',NULL,'string','2026-07-01T17:08:46.307Z','2026-07-01T17:08:46.307Z');
INSERT OR REPLACE INTO "admin_settings" ("key","value","category","description","data_type","created_at","updated_at") VALUES('social.youtube','""','social',NULL,'string','2026-07-01T17:08:46.391Z','2026-07-01T17:08:46.391Z');
INSERT OR REPLACE INTO "admin_settings" ("key","value","category","description","data_type","created_at","updated_at") VALUES('social.linkedin','"https://www.linkedin.com/in/beau-teas-928a17210/"','social',NULL,'string','2026-07-01T17:08:46.480Z','2026-07-01T17:08:46.480Z');
INSERT OR REPLACE INTO "admin_settings" ("key","value","category","description","data_type","created_at","updated_at") VALUES('social.twitter','"https://twitter.com/BeauTeas1"','social',NULL,'string','2026-07-01T17:08:46.570Z','2026-07-01T17:08:46.570Z');
INSERT OR REPLACE INTO "admin_settings" ("key","value","category","description","data_type","created_at","updated_at") VALUES('social.facebook','"https://www.facebook.com/ShopBeauTeas"','social',NULL,'string','2026-07-01T17:08:46.660Z','2026-07-01T17:08:46.660Z');
INSERT OR REPLACE INTO "admin_settings" ("key","value","category","description","data_type","created_at","updated_at") VALUES('social.tiktok','""','social',NULL,'string','2026-07-01T17:08:46.751Z','2026-07-01T17:08:46.751Z');
INSERT OR REPLACE INTO "pages" ("id","title","slug","content","excerpt","meta_title","meta_description","meta_keywords","status","published_at","template","parent_id","sort_order","created_at","updated_at","created_by","updated_by","version","show_in_nav","nav_title","custom_css","custom_js","is_protected","required_roles") VALUES(4,'About Us','about-us',replace('<div style="display: none;"></div>\n<div style="display: none;"></div>\n<div style="display: none;"></div>\n<p>BeauTeas was created by blending a love of the beauty community with a love for nourishing the body (and soul) with all-natural organic plant-based goodness.  We believe that the best way to improve how your body looks and feels is through clean plant-based nutrition.  By blending organic flowers and powerful, healing herbs to make tasty hydrating teas, our products make it easy for anyone to improve their skin and appearance without slathering on harsh chemicals.</p>\n<p>Our motto is Build Your Beauty From Within.  Trust us, we still love makeup, moisturizers, serums, and sunscreens!  But regularly drinking our teas will give you healthy long term improvements that you''ll appreciate every time you look in the mirror.</p>\n<p>Our founder, Dana, has been passionate about beauty and the beauty community since she was in her early teens.  She may have more palettes and brushes than she cares to admit:) After getting her culinary degree, working in Colorado''s progressive food industry, and seeing what a difference  clean, organic, all-natural nutrition can make, she was inspired to create BeauTeas.</p>\n<p>Teas are the perfect way to bring the power of plants into our lives. Our BeauTeas blends are loaded with anti-oxidants, anti-inflammatories, Alpha Hydroxy Acids, catechins, and many more valuable natural compounds.  When you drink our tea, your body absorbs the good nutrients more effectively than nutrients it gets from vitamins or topical application.  Drinking tea also helps you stay hydrated, which is super important for everything from how your skin and hair look, to your energy levels, to the health of your organs including your brain!  </p>\n<p>So join our BeauTeas Community, sip, relax, and enjoy feeling better and looking better. Build Your Beauty From Within!</p>\n<p> </p>\n<div style="text-align: center;"><img src="https://cdn.shopify.com/s/files/1/0554/7288/1831/files/85A6329_e90889c6-2175-4c97-ab75-96eac46c1115_1024x1024.jpg?v=1626361061" alt="" style="float: none;"></div>','\n',char(10)),NULL,'About Us','BeauTeas was created by blending a love of the beauty community with a love for nourishing the body (and soul) with all-natural organic plant-based goodness....',NULL,'published',1625798862,'default',NULL,0,1625798862,1626361096,NULL,NULL,1,0,NULL,NULL,NULL,0,NULL);
INSERT OR REPLACE INTO "pages" ("id","title","slug","content","excerpt","meta_title","meta_description","meta_keywords","status","published_at","template","parent_id","sort_order","created_at","updated_at","created_by","updated_by","version","show_in_nav","nav_title","custom_css","custom_js","is_protected","required_roles") VALUES(5,'Brewing Directions','brewing-directions',replace('<div style="display: none;"></div>\n<p>Brewing your tea correctly will help ensure that it tastes delicious and that you are getting the most benefits from the organic herbs and flowers in our tea blends.  Don''t stress out over the precise temperatures, or freak out if you let it steep a little too long, these are just guidelines to help you get the most out of your tea.</p>\n<p> </p>\n<h2>Black Teas</h2>\n<p>For Black teas, like our Clearly Calendula Morning, which is an Earl Grey based tea, we recommend using water that is between 205 and 212 degrees Fahrenheit.</p>\n<p>It''s best to boil water, and then let it cool for 30 seconds or so before pouring it into your tea cup.  But you can use boiling water if you''re in a rush:) </p>\n<p>Add the tea bag to the hot water in the cup, and let it steep for 3-5 minutes, before removing the tea bag.  If you let it steep too long the tea can taste too strong and slightly bitter (it''s still safe to drink).  </p>\n<p> </p>\n<p> </p>\n<h2>Green Teas</h2>\n<meta charset="UTF-8">\n<p>For Green teas, like our Clearly Calendula Afternoon, which is a Green tea, we recommend using water that is around 175 degrees Fahrenheit.</p>\n<p>It''s best to boil water, and then let it cool for 3 minutes or so before pouring it into your tea cup.  Or you can get a kettle which allows you to set the target temperature for 175 degrees.</p>\n<p>Add the tea bag to the hot water in the cup, and let it steep for 2-4 minutes, before removing the tea bag.  If you let it steep too long the tea can taste too strong and slightly bitter (it''s still safe to drink).  </p>\n<p> </p>\n<h2>Herbal Teas</h2>\n<meta charset="UTF-8">\n<p>For Herbal teas, like our Clearly Calendula Evening, which is a herbal tea, we recommend using water that is around 212 degrees Fahrenheit.</p>\n<p>It''s best to boil water, and immediately pour it into your tea cup.  </p>\n<p>Add the tea bag to the hot water in the cup, and let it steep for at least 5 minutes, you don''t have to remove the tea bag.  Generally letting herbal teas steep longer can make them taste a little stronger, but they won''t become bitter or unpleasant to drink.  </p>\n<p> </p>\n<p> </p>\n<h2>Iced Teas</h2>\n<p>Iced tea can be a super refreshing way to drink your tea, especially in warm weather, or at the gym.  Luckily it''s easy to make!  You can easily brew up a large amount of tea, using multiple tea bags in a pitcher.  Generally you will want one bag for every 8-16 oz of water, depending on how strong you like it.</p>\n<p>Black teas must be hot brewed, using the directions above, and then chilled.  It''s usually best to let the hot tea cool to room temperature on your counter, and then move it into the refrigerator.  </p>\n<p>For Green and Herbal teas, you can hot brew, and then chill like with Black teas. However you can also cold brew these teas as well, which might be easier.  Cold brewing is basically just adding your tea bags to cold water, and letting it steep for at least two hours and up to several days.</p>\n<p>You can do this inside a water bottle, mason jar, or large pitcher.  You can drink it with ice, or just chilled from the fridge.  </p>\n<p>Play around with amounts and timing to figure out what you like best!  </p>\n<p> </p>\n<p><img src="https://cdn.shopify.com/s/files/1/0554/7288/1831/files/85A6494_1024x1024.jpg?v=1625358797" alt=""></p>','\n',char(10)),NULL,'Brewing Directions','Brewing your tea correctly will help ensure that it tastes delicious and that you are getting the most benefits from the organic herbs and flowers in our tea...',NULL,'published',1624576251,'default',NULL,0,1624576251,1625358812,NULL,NULL,1,0,NULL,NULL,NULL,0,NULL);
INSERT OR REPLACE INTO "pages" ("id","title","slug","content","excerpt","meta_title","meta_description","meta_keywords","status","published_at","template","parent_id","sort_order","created_at","updated_at","created_by","updated_by","version","show_in_nav","nav_title","custom_css","custom_js","is_protected","required_roles") VALUES(6,'CCPA Compliance','ccpa-compliance',replace(replace('<style>\n    #form-ccpa-edit-account-request,\n    #form-ccpa-data-account-request,\n    #form-ccpa-personal-data-report-request,\n    #form-ccpa-delete-account-request ,\n    #form-ccpa-do-not-sell-request {\n        display: none;\n    }\n    #ccpa_page button {\n      background-color: transparent;\n      border: 0;\n      border-bottom: 1px solid black;\n      padding: 0px;\n    }\n\n    /* Modal background */\n    #data-verification-background {\n      display: none;\n      position: fixed;\n      z-index: 1;\n      padding-top: calc(50vh - 83px);\n      left: 0;\n      top: 0;\n      width: 100%;\n      height: 100%;\n      overflow: auto;\n      background-color: rgb(0,0,0);\n      background-color: rgba(0,0,0,0.4);\n      opacity: unset;\n      z-index: 9999;\n    }\n    /* Modal Content */\n    #data-verification-modal {\n      background-color: #fefefe;\n      margin: auto;\n      padding: 16px;\n      border: 1px solid #888;\n      width: 38%;\n    }\n    /* Modal Close Button */\n    .data-verification-close {\n      color: #aaaaaa;\n      float: right;\n      font-size: 28px;\n      font-weight: bold;\n      line-height: 17px;\n    }\n    .data-verification-close:hover,\n    .data-verification-close:focus {\n      color: #000;\n      text-decoration: none;\n      cursor: pointer;\n    }\n    /* Checkbox Text */\n    #data-verification-container p{\n      display: inline-block;\n      padding-left: 5px;\n      vertical-align: top;\n      width: calc(100% - 45px);\n      cursor: pointer;\n    }\n    #data-verification-container a, #data-verification-container a:hover{\n      text-decoration: underline!important;\n      color: #4285f4;\n    }\n    /* Checkbox Icon */\n    #data-verification-icon {\n      cursor: pointer;\n      position: relative;\n      margin: auto;\n      width: 18px;\n      height: 18px;\n      -webkit-tap-highlight-color: transparent;\n      transform: translate3d(0, 0, 0);\n      margin-top: 2px;\n    }\n    #data-verification-icon:before {\n      content: "";\n      position: absolute;\n      top: -7px;\n      left: -7px;\n      width: 32px;\n      height: 32px;\n      border-radius: 50%;\n      background: rgba(34,50,84,0.03);\n      opacity: 0;\n      transition: opacity 0.2s ease;\n    }\n    #data-verification-icon svg {\n      position: relative;\n      z-index: 1;\n      fill: none;\n      stroke-linecap: round;\n      stroke-linejoin: round;\n      stroke: #c8ccd4;\n      stroke-width: 1.5;\n      transform: translate3d(0, 0, 0);\n      transition: all 0.2s ease;\n    }\n    #data-verification-icon svg path {\n      stroke-dasharray: 60;\n      stroke-dashoffset: 0;\n    }\n    #data-verification-icon svg polyline {\n      stroke-dasharray: 22;\n      stroke-dashoffset: 66;\n    }\n    #data-verification-icon:hover:before {\n      opacity: 1;\n    }\n    #data-verification-container:hover #data-verification-icon svg {\n      stroke: #4285f4;\n    }\n    #data-verification-icon.clicked svg {\n      stroke: #4285f4;\n    }\n    #data-verification-icon.clicked svg path {\n      stroke-dashoffset: 60;\n      transition: all 0.3s linear;\n    }\n    #data-verification-icon.clicked svg polyline {\n      stroke-dashoffset: 42;\n      transition: all 0.2s linear;\n      transition-delay: 0.15s;\n    }\n\n    /* Modal changes on mobile resolution*/\n    @media only screen and (max-width: 600px) {\n      #data-verification-modal {\n        width: 90%;\n      }\n    }\n\n    /* Loading Element */\n    .loading {\n        display: none;\n        top:50vh;\n        left:50vw;\n        position:fixed;\n    }\n    .loading:not(:required):after {\n      content: '''';\n      display: block;\n      font-size: 10px;\n      width: 1em;\n      height: 1em;\n      margin-top: -0.5em;\n      -webkit-animation: spinner 1500ms infinite linear;\n      -moz-animation: spinner 1500ms infinite linear;\n      -ms-animation: spinner 1500ms infinite linear;\n      -o-animation: spinner 1500ms infinite linear;\n      animation: spinner 1500ms infinite linear;\n      border-radius: 0.5em;\n      -webkit-box-shadow: rgba(255,255,255, 1) 1.5em 0 0 0, rgba(255,255,255, 1) 1.1em 1.1em 0 0, rgba(255,255,255, 1) 0 1.5em 0 0, rgba(255,255,255, 1) -1.1em 1.1em 0 0, rgba(255,255,255, 1) -1.5em 0 0 0, rgba(255,255,255, 1) -1.1em -1.1em 0 0, rgba(255,255,255, 1) 0 -1.5em 0 0, rgba(255,255,255, 1) 1.1em -1.1em 0 0;\n      box-shadow: rgba(255,255,255, 1) 1.5em 0 0 0, rgba(255,255,255, 1) 1.1em 1.1em 0 0, rgba(255,255,255, 1) 0 1.5em 0 0, rgba(255,255,255, 1) -1.1em 1.1em 0 0, rgba(255,255,255, 1) -1.5em 0 0 0, rgba(255,255,255, 1) -1.1em -1.1em 0 0, rgba(255,255,255, 1) 0 -1.5em 0 0, rgba(255,255,255, 1) 1.1em -1.1em 0 0;\n    }\n\n    /* Animation */\n    @-webkit-keyframes spinner {\n      0% {\n        -webkit-transform: rotate(0deg);\n        -moz-transform: rotate(0deg);\n        -ms-transform: rotate(0deg);\n        -o-transform: rotate(0deg);\n        transform: rotate(0deg);\n      }\n      100% {\n        -webkit-transform: rotate(360deg);\n        -moz-transform: rotate(360deg);\n        -ms-transform: rotate(360deg);\n        -o-transform: rotate(360deg);\n        transform: rotate(360deg);\n      }\n    }\n    @-moz-keyframes spinner {\n      0% {\n        -webkit-transform: rotate(0deg);\n        -moz-transform: rotate(0deg);\n        -ms-transform: rotate(0deg);\n        -o-transform: rotate(0deg);\n        transform: rotate(0deg);\n      }\n      100% {\n        -webkit-transform: rotate(360deg);\n        -moz-transform: rotate(360deg);\n        -ms-transform: rotate(360deg);\n        -o-transform: rotate(360deg);\n        transform: rotate(360deg);\n      }\n    }\n    @-o-keyframes spinner {\n      0% {\n        -webkit-transform: rotate(0deg);\n        -moz-transform: rotate(0deg);\n        -ms-transform: rotate(0deg);\n        -o-transform: rotate(0deg);\n        transform: rotate(0deg);\n      }\n      100% {\n        -webkit-transform: rotate(360deg);\n        -moz-transform: rotate(360deg);\n        -ms-transform: rotate(360deg);\n        -o-transform: rotate(360deg);\n        transform: rotate(360deg);\n      }\n    }\n    @keyframes spinner {\n      0% {\n        -webkit-transform: rotate(0deg);\n        -moz-transform: rotate(0deg);\n        -ms-transform: rotate(0deg);\n        -o-transform: rotate(0deg);\n        transform: rotate(0deg);\n      }\n      100% {\n        -webkit-transform: rotate(360deg);\n        -moz-transform: rotate(360deg);\n        -ms-transform: rotate(360deg);\n        -o-transform: rotate(360deg);\n        transform: rotate(360deg);\n      }\n    }\n</style>\r\n<div id="ccpa_page" class="col-sm-12">\r\n    <div class="text-center">\r\n        The app used for assuring the GDPR/CCPA compliance of this site, collects your IP and the email address in order to process the data. For more check <a href="https://gdprcdn.b-cdn.net/pages/privacy_policy" target="_blank"> Privacy Policy</a><a>\r\n    </a>\n</div>\r\n    <h2>Data Rectification</h2>\r\n    <p>You can use the link below to update your account data if it is not accurate.</p>\r\n    <ul class="list-unstyled">\r\n        <li><button id="btn-ccpa-edit-account-request" aria-label="edit your account information" aria-controls="form-ccpa-edit-account-request" aria-expanded="false">Edit your account information</button></li>\r\n    </ul>\r\n    <div id="form-ccpa-edit-account-request">\r\n        <form>\r\n          <label for="form-ccpa-edit-account-request-email">Enter your email to confirm your identity</label>\r\n          <input type="email" name="email" id="form-ccpa-edit-account-request-email" placeholder="example@email.com" autocomplete="email" autocorrect="off" autocapitalize="off" autofocus="">\r\n          <input type="submit" class="btn" value="Submit">\r\n        </form>\r\n    </div>\r\n    <h2>Data Portability</h2>\r\n    <p>You can use the links below to download all the data we store and use for a better experience in our store.</p>\r\n    <ul class="list-unstyled">\r\n        <li><button id="btn-ccpa-requests-request" aria-label="CCPA requests" aria-controls="form-ccpa-data-account-request" aria-expanded="false">CCPA requests</button></li>\r\n        <li><button id="btn-ccpa-personal-information-request" aria-label="personal information" aria-controls="form-ccpa-data-account-request" aria-expanded="false">Personal information</button></li>\r\n        <li><button id="btn-ccpa-orders-request" aria-label="orders" aria-controls="form-ccpa-data-account-request" aria-expanded="false">Orders</button></li>\r\n    </ul>\r\n    <div id="form-ccpa-data-account-request">\r\n        <form>\r\n            <label for="form-ccpa-data-account-request-email">Enter your email to confirm your identity</label>\r\n            <input type="email" name="email" id="form-ccpa-data-account-request-email" placeholder="example@email.com" autocomplete="email" autocorrect="off" autocapitalize="off" autofocus="">\r\n            <input type="submit" class="btn" value="Submit">\r\n            <input type="hidden" name="request_type" value="">\r\n        </form>\r\n    </div>\r\n    <h2>Access to Personal Data</h2>\r\n    <p>You can use the link below to request a report which will contain all personal information that we store for you.</p>\r\n    <ul class="list-unstyled">\r\n      <li><button id="btn-ccpa-personal-data-report-request" aria-label="request a report" aria-controls="form-ccpa-personal-data-report-request" aria-expanded="false">Request a report</button></li>\r\n    </ul>\r\n    <div id="form-ccpa-personal-data-report-request">\r\n        <form>\r\n            <label for="form-ccpa-personal-data-report-request-email">Enter your email to confirm your identity</label>\r\n            <input type="email" name="email" id="form-ccpa-personal-data-report-request-email" placeholder="example@email.com" autocomplete="email" autocorrect="off" autocapitalize="off" autofocus="">\r\n            <input type="submit" class="btn" value="Submit">\r\n        </form>\r\n    </div>\r\n       \r\n    <div id="do-not-sell">\r\n        <h2 style="margin-top: 55px;">Do not Sell My Personal Information</h2>\r\n        <p>You can submit a request to let us know that you do not agree for your personal information to be collected or sold.</p>\r\n        <ul class="list-unstyled">\r\n            <li><button id="btn-ccpa-do-not-sell-request" aria-label="request a report" aria-controls="form-ccpa-personal-data-report-request" aria-expanded="false">Do not sell my personal information</button></li>\r\n        </ul>\r\n        <div id="form-ccpa-do-not-sell-request">\r\n            <form>\r\n                <label for="form-ccpa-do-not-sell-request">Enter your email to confirm your identity</label>\r\n                <input type="email" name="email" id="form-ccpa-personal-data-report-request-email" placeholder="example@email.com" autocomplete="email" autocorrect="off" autocapitalize="off" autofocus="">\r\n                <input type="submit" class="btn" value="Submit">\r\n            </form>\r\n        </div>\r\n    </div>\r\n    <h2>Right to be Forgotten</h2>\r\n    <p>Use this option if you want to remove your personal and other data from our store. Keep in mind that <strong>this process will delete your account, so you will no longer be able to access or use it anymore</strong>.</p>\r\n    <ul class="list-unstyled">\r\n      <li><button id="btn-ccpa-delete-account-request" aria-label="request personal data deletion" aria-controls="form-ccpa-delete-account-request" aria-expanded="false">Request personal data deletion</button></li>\r\n    </ul>\r\n    <div id="form-ccpa-delete-account-request">\r\n        <form>\r\n            <label for="form-ccpa-delete-account-request-email">Enter your email to confirm your identity</label>\r\n            <input type="email" name="email" id="form-ccpa-delete-account-request-email" placeholder="example@email.com" autocomplete="email" autocorrect="off" autocapitalize="off" autofocus="">\r\n            <input type="submit" class="btn" value="Submit">\r\n        </form>\r\n    </div>\r\n</div>\r\n\r\n<script src="https://code.jquery.com/jquery-2.2.4.min.js" integrity="sha256-BbhdlvQf/xTY9gja0Dq3HiwQF8LaCRTXxZKRutelT44=" crossorigin="anonymous"></script>\r\n\r\n<script>\r\n    var ccpaSlideUpAll = function() {\r\n        $(''#form-ccpa-edit-account-request'').slideUp(100);\r\n        $(''#form-ccpa-data-account-request'').slideUp(100);\r\n        $(''#form-ccpa-personal-data-report-request'').slideUp(100);\r\n        $(''#form-ccpa-delete-account-request'').slideUp(100);\r\n        $(''#form-ccpa-do-not-sell-request'').slideUp(100);\r\n        $(''#ccpa_page button'').attr("aria-expanded", "false");\r\n    };\r\n\r\n    var email, type, consentGiven = false;\r\n    var verificationModalContent = ''<div id="data-verification-background"><div class="loading"></div><div id="data-verification-modal"><span class="data-verification-close">&times;</span><div id="data-verification-container"><input type="checkbox" style="display: none;"><label id="data-verification-icon"><svg width="18px" height="18px" viewBox="0 0 18 18"><path d="M1,9 L1,3.5 C1,2 2,1 3.5,1 L14.5,1 C16,1 17,2 17,3.5 L17,14.5 C17,16 16,17 14.5,17 L3.5,17 C2,17 1,16 1,14.5 L1,9 Z"></path></path><polyline points="1 9 7 14 15 4"></polyline></svg></label><p>I give my consent on collecting my email and IP address for the purpose of processing this request. For more check <a href="https://gdprcdn.b-cdn.net/pages/privacy_policy"  target="_blank">Privacy Policy</a>.</p></div></div></div>'';\r\n\r\n    var ccpaSendRequest = function(callback) {\r\n      $.ajax({\r\n        url: ''https://www.cloudflare.com/cdn-cgi/trace'',\r\n        method: ''GET'',\r\n        success: function(resp) {\r\n          if (!resp.error) {\r\n            let ipInfo = resp;\r\n            let ipRegex = /[0-9]{1,3}.[0-9]{1,3}.[0-9]{1,3}.[0-9]{1,3}/\r\n            let ipAddress = ipInfo.match(ipRegex)[0];\r\n\r\n            $.ajax({\r\n                url: ''https://gdpr.apps.isenselabs.com/gdprRequests/submitRequest'',\r\n                method: ''POST'',\r\n                data: {\r\n                    shop: Shopify.shop,\r\n                    email: email,\r\n                    type: type,\r\n                    sourceOfRequest: 2,\r\n                    ipAddress: ipAddress,\r\n                    consentGiven: consentGiven,\r\n                    lang: Shopify.locale ? Shopify.locale : '''',\r\n                    gtranslateLang: isenseGDPR.Cookies.get(''googtrans'') ? isenseGDPR.Cookies.get(''googtrans'') : ''''\r\n                },\r\n                success: function(resp) {\r\n                    if (!resp.error) {\r\n                        ccpaSlideUpAll();\r\n                        alert(''Your request has been submitted successfully. Please check your email for more information.'');\r\n                    } else {\r\n                        alert(resp.message);\r\n                    }\r\n                    if (typeof callback == ''function'') {\r\n                        callback(resp);\r\n                    }\r\n                }\r\n            });\r\n          } else {\r\n              alert(resp.message);\r\n          }\r\n        }\r\n      });\r\n    }\r\n\r\n    $(document).ready(function() {\r\n        let searchParams = new URLSearchParams(window.location.search);\r\n         let param = searchParams.get(''id'');\r\n         if(param) {\r\n             document.getElementById(param).scrollIntoView();\r\n         }\r\n\r\n      //Append modal to body, because otherwise it will not stay centered(even if position is fixed)\r\n      $("body").append(verificationModalContent);\r\n\r\n      // When the user clicks on <span> (x), close the modal\r\n      $(''.data-verification-close:first'').on(''click'', function(e) {\r\n          e.preventDefault();\r\n          closeVerificationModal();\r\n      });\r\n\r\n      $(''#data-verification-icon, #data-verification-container p'').on(''click'', function(e) {\r\n          e.preventDefault();\r\n\r\n          // Detect a href''s click, because it is overwritten.\r\n          if($(e.target).is("a")) {\r\n            window.open(e.target.href, ''_blank'');\r\n            return;\r\n          }\r\n\r\n          $(''#data-verification-icon'').addClass("clicked");\r\n          setTimeout(()=>{\r\n            $("#data-verification-modal").fadeOut();\r\n            $(''#data-verification-background .loading'').css(''display'', ''inline-block'');\r\n            consentGiven = true;\r\n            ccpaSendRequest(function(resp) {\r\n                consentGiven = false;\r\n                closeVerificationModal();\r\n            });\r\n          }, 400);\r\n      });\r\n    });\r\n\r\n    function openVerificationModal(){\r\n      $("#data-verification-modal").css("display", "block")\r\n      $(''#data-verification-background'').css("display", "block");\r\n    }\r\n    function closeVerificationModal(){\r\n      $(''#data-verification-background'').fadeOut();\r\n      $(''#data-verification-icon'').removeClass("clicked");\r\n      $(''#data-verification-background .loading'').css(''display'', ''none'');\r\n    }\r\n\r\n    $(''#btn-ccpa-edit-account-request'').on(''click'', function(e) {\r\n        e.preventDefault();\r\n        ccpaSlideUpAll();\r\n        $(''#form-ccpa-edit-account-request'').slideDown(200);\r\n        $(this).attr("aria-expanded", "true");\r\n    });\r\n\r\n    $(''#form-ccpa-edit-account-request form input[type=submit]'').on(''click'', function(e) {\r\n        e.preventDefault();\r\n        email = $(''#form-ccpa-edit-account-request form input[name=email]'').val();\r\n        type = ''customer/edit'';\r\n        openVerificationModal();\r\n    });\r\n\r\n    $(''#btn-ccpa-requests-request, #btn-ccpa-personal-information-request, #btn-ccpa-orders-request'').on(''click'', function(e) {\r\n        e.preventDefault();\r\n        ccpaSlideUpAll();\r\n\r\n        type = '''';\r\n\r\n        switch($(this).attr(''id'')) {\r\n            case ''btn-ccpa-requests-request'':\r\n                type = ''customer/requests'';\r\n                break;\r\n            case ''btn-ccpa-personal-information-request'':\r\n                type = ''customer/personal_info'';\r\n                break;\r\n            case ''btn-ccpa-orders-request'':\r\n                type = ''customer/orders'';\r\n                break;\r\n        }\r\n\r\n        $(''#form-ccpa-data-account-request form input[name="request_type"]'').val(type);\r\n\r\n        $(''#form-ccpa-data-account-request'').slideDown(200);\r\n        $(this).attr("aria-expanded", "true");\r\n    });\r\n\r\n    $(''#form-ccpa-data-account-request form input[type=submit]'').on(''click'', function(e) {\r\n        e.preventDefault();\r\n        email = $(''#form-ccpa-data-account-request form input[name=email]'').val();\r\n        type = $(''#form-ccpa-data-account-request form input[name="request_type"]'').val();\r\n        openVerificationModal();\r\n    });\r\n\r\n    $(''#btn-ccpa-personal-data-report-request'').on(''click'', function(e) {\r\n        e.preventDefault();\r\n        ccpaSlideUpAll();\r\n        $(''#form-ccpa-personal-data-report-request'').slideDown(200);\r\n        $(this).attr("aria-expanded", "true");\r\n    });\r\n\r\n    $(''#form-ccpa-personal-data-report-request form input[type=submit]'').on(''click'', function(e) {\r\n        e.preventDefault();\r\n        email = $(''#form-ccpa-personal-data-report-request form input[name=email]'').val();\r\n        type = ''customer/report'';\r\n        openVerificationModal();\r\n    });\r\n\r\n    $(''#btn-ccpa-do-not-sell-request'').on(''click'', function(e) {\r\n        e.preventDefault();\r\n        ccpaSlideUpAll();\r\n        $(''#form-ccpa-do-not-sell-request'').slideDown(200);\r\n        $(this).attr("aria-expanded", "true");\r\n    });\r\n\r\n    $(''#form-ccpa-do-not-sell-request form input[type=submit]'').on(''click'', function(e) {\r\n        e.preventDefault();\r\n        email = $(''#form-ccpa-do-not-sell-request form input[name=email]'').val();\r\n        type = ''customer/do-not-sell'';\r\n        openVerificationModal();\r\n    });\r\n\r\n    $(''#btn-ccpa-delete-account-request'').on(''click'', function(e) {\r\n        e.preventDefault();\r\n        ccpaSlideUpAll();\r\n        $(''#form-ccpa-delete-account-request'').slideDown(200);\r\n        $(this).attr("aria-expanded", "true");\r\n    });\r\n\r\n    $(''#form-ccpa-delete-account-request form input[type=submit]'').on(''click'', function(e) {\r\n        e.preventDefault();\r\n        email = $(''#form-ccpa-delete-account-request form input[name=email]'').val();\r\n        type = ''customer/delete'';\r\n        openVerificationModal();\r\n    });\r\n\r\n\r\n</script>\r\n','\r',char(13)),'\n',char(10)),NULL,'CCPA Compliance','#form-ccpa-edit-account-request, #form-ccpa-data-account-request, #form-ccpa-personal-data-report-request, #form-ccpa-delete-account-request , #form-ccpa-do-...',NULL,'published',1636491563,'default',NULL,0,1636491563,1636491563,NULL,NULL,1,0,NULL,NULL,NULL,0,NULL);
INSERT OR REPLACE INTO "pages" ("id","title","slug","content","excerpt","meta_title","meta_description","meta_keywords","status","published_at","template","parent_id","sort_order","created_at","updated_at","created_by","updated_by","version","show_in_nav","nav_title","custom_css","custom_js","is_protected","required_roles") VALUES(7,'Clearly Calendula Sample Pack On Sale','clearly-calendula-sample-pack-on-sale','',NULL,'Clearly Calendula Sample Pack On Sale',NULL,NULL,'published',1638307799,'default',NULL,0,1638307799,1773009909,NULL,NULL,1,0,NULL,NULL,NULL,0,NULL);
INSERT OR REPLACE INTO "pages" ("id","title","slug","content","excerpt","meta_title","meta_description","meta_keywords","status","published_at","template","parent_id","sort_order","created_at","updated_at","created_by","updated_by","version","show_in_nav","nav_title","custom_css","custom_js","is_protected","required_roles") VALUES(8,'Do not sell my personal information','ccpa-opt-out',replace('<link rel="stylesheet" type="text/css" href="https://cdn.shopify.com/shopifycloud/privacy-banner/data-sale-opt-out.css">\n<meta charset="utf-8"> <p>As described in our Privacy Policy, we collect personal information from your interactions with us and our website, including through cookies and similar technologies. We may also share this personal information with third parties, including advertising partners. We do this in order to show you ads on other websites that are more relevant to your interests and for other reasons outlined in our privacy policy.</p> <p>Sharing of personal information for targeted advertising based on your interaction on different websites may be considered "sales", "sharing", or "targeted advertising" under certain U.S. state privacy laws. Depending on where you live, you may have the right to opt out of these activities. If you would like to exercise this opt-out right, please follow the instructions below.</p> <p>If you visit our website with the Global Privacy Control opt-out preference signal enabled, depending on where you are, we will treat this as a request to opt-out of activity that may be considered a “sale” or “sharing” of personal information or other uses that may be considered targeted advertising for the device and browser you used to visit our website.</p>\n<div id="pc--optOutFormContainer" data-not-applicable=''To opt out of the "sale" or "sharing" of your personal information collected using cookies and other device-based identifiers as described above, you must be browsing from one of the applicable US states referred to above.'' data-form-description=''If you would like to opt out of activity that may be considered a "sale" or "share," or "targeted advertising", please submit your email.'' data-email-label="Email" data-success="Opted-out successfully" data-error="A problem occurred, try submitting your email again&gt;"></div>\n<script src="https://cdn.shopify.com/shopifycloud/privacy-banner/data-sale-opt-out.js" defer></script> <script src="https://js.hcaptcha.com/1/api.js?onload=optOutOnLoad" defer></script>\n\n','\n',char(10)),NULL,'Do not sell my personal information','As described in our Privacy Policy, we collect personal information from your interactions with us and our website, including through cookies and similar tec...',NULL,'published',1645730787,'default',NULL,0,1645730787,1726522358,NULL,NULL,1,0,NULL,NULL,NULL,0,NULL);
INSERT OR REPLACE INTO "pages" ("id","title","slug","content","excerpt","meta_title","meta_description","meta_keywords","status","published_at","template","parent_id","sort_order","created_at","updated_at","created_by","updated_by","version","show_in_nav","nav_title","custom_css","custom_js","is_protected","required_roles") VALUES(9,'FAQ','faq',replace('<p><strong>Are Your Teas Organic?</strong></p>\n<p>All of our teas are certified Organic by the USDA! We feel that organic ingredients are important for health and wellness and our planet.</p>\n<p> </p>\n<p><strong>Do Your Teas Have </strong><b>Caffeine?</b></p>\n<p>Some of our blends have natural caffeine from the tea leaves.  Black tea based blends, like our Clearly Calendula Morning blend have approximately 40-50 mg of caffeine, which is about half that of a cup of coffee.  Green tea based blends, like our Clearly Calendula Afternoon blend have approximately 20-30 mg of caffeine.  Our herbal blends, like our Clearly Calendula Evening blend are caffeine free and an excellent choice for drinking before bed, or if you are avoiding caffeine.  Caffeine from tea often is absorbed more slowly than from coffee or energy drinks, due to the tannins in the tea (these tannins also have cancer fighting properties), so you tend to get less of a caffeine rush and crash, and more of a gradual energy that lasts longer.</p>\n<p> </p>\n<p><strong>Can I Drink Your Teas If I Am Pregnant?</strong></p>\n<p>Great question!  You should absolutely talk with your doctor about what is safe to eat and drink while pregnant.  In general pregnant people are advised to avoid consuming more than 200 mg of caffeine per day.  </p>\n<p>The amazing Calendula Flower, used in our anti-acne teas, is something you should avoid if pregnant.  While there are no clear studies on it, there are concerns about Calendula and it is considered "Likely Unsafe" for pregnant people by the NIH.  </p>\n<p> </p>\n<p><strong>Are Your Teas Just For Women?</strong></p>\n<p>Not at all!  Anyone can enjoy our teas and get the benefits, regardless of age or gender.  </p>\n<p> </p>\n<p> </p>','\n',char(10)),NULL,'FAQ','Are Your Teas Organic? All of our teas are certified Organic by the USDA! We feel that organic ingredients are important for health and wellness and our plan...',NULL,'published',1621192182,'default',NULL,0,1621192182,1621192182,NULL,NULL,1,0,NULL,NULL,NULL,0,NULL);
INSERT OR REPLACE INTO "pages" ("id","title","slug","content","excerpt","meta_title","meta_description","meta_keywords","status","published_at","template","parent_id","sort_order","created_at","updated_at","created_by","updated_by","version","show_in_nav","nav_title","custom_css","custom_js","is_protected","required_roles") VALUES(10,'GDPR Compliance','gdpr-compliance',replace('<style>\n    #form-gdpr-edit-account-request,\n    #form-gdpr-data-account-request,\n    #form-gdpr-personal-data-report-request,\n    #form-gdpr-delete-account-request {\n        display: none;\n    }\n    #gdpr_page button {\n      background-color: transparent;\n      border: 0;\n      border-bottom: 1px solid black;\n      padding: 0px;\n    }\n\n    /* Modal background */\n    #data-verification-background {\n      display: none;\n      position: fixed;\n      z-index: 1;\n      padding-top: calc(50vh - 83px);\n      left: 0;\n      top: 0;\n      width: 100%;\n      height: 100%;\n      overflow: auto;\n      background-color: rgb(0,0,0);\n      background-color: rgba(0,0,0,0.4);\n      opacity: unset;\n      z-index: 9999;\n    }\n    /* Modal Content */\n    #data-verification-modal {\n      background-color: #fefefe;\n      margin: auto;\n      padding: 16px;\n      border: 1px solid #888;\n      width: 38%;\n    }\n    /* Modal Close Button */\n    .data-verification-close {\n      color: #aaaaaa;\n      float: right;\n      font-size: 28px;\n      font-weight: bold;\n      line-height: 17px;\n    }\n    .data-verification-close:hover,\n    .data-verification-close:focus {\n      color: #000;\n      text-decoration: none;\n      cursor: pointer;\n    }\n    /* Checkbox Text */\n    #data-verification-container p{\n      display: inline-block;\n      padding-left: 5px;\n      vertical-align: top;\n      width: calc(100% - 45px);\n      cursor: pointer;\n    }\n    #data-verification-container a, #data-verification-container a:hover{\n      text-decoration: underline!important;\n      color: #4285f4;\n    }\n    /* Checkbox Icon */\n    #data-verification-icon {\n      cursor: pointer;\n      position: relative;\n      margin: auto;\n      width: 18px;\n      height: 18px;\n      -webkit-tap-highlight-color: transparent;\n      transform: translate3d(0, 0, 0);\n      margin-top: 2px;\n    }\n    #data-verification-icon:before {\n      content: "";\n      position: absolute;\n      top: -7px;\n      left: -7px;\n      width: 32px;\n      height: 32px;\n      border-radius: 50%;\n      background: rgba(34,50,84,0.03);\n      opacity: 0;\n      transition: opacity 0.2s ease;\n    }\n    #data-verification-icon svg {\n      position: relative;\n      z-index: 1;\n      fill: none;\n      stroke-linecap: round;\n      stroke-linejoin: round;\n      stroke: #c8ccd4;\n      stroke-width: 1.5;\n      transform: translate3d(0, 0, 0);\n      transition: all 0.2s ease;\n    }\n    #data-verification-icon svg path {\n      stroke-dasharray: 60;\n      stroke-dashoffset: 0;\n    }\n    #data-verification-icon svg polyline {\n      stroke-dasharray: 22;\n      stroke-dashoffset: 66;\n    }\n    #data-verification-icon:hover:before {\n      opacity: 1;\n    }\n    #data-verification-container:hover #data-verification-icon svg {\n      stroke: #4285f4;\n    }\n    #data-verification-icon.clicked svg {\n      stroke: #4285f4;\n    }\n    #data-verification-icon.clicked svg path {\n      stroke-dashoffset: 60;\n      transition: all 0.3s linear;\n    }\n    #data-verification-icon.clicked svg polyline {\n      stroke-dashoffset: 42;\n      transition: all 0.2s linear;\n      transition-delay: 0.15s;\n    }\n\n    /* Loading Element */\n    .loading {\n        display: none;\n        top:50vh;\n        left:50vw;\n        position:fixed;\n    }\n    .loading:not(:required):after {\n      content: '''';\n      display: block;\n      font-size: 10px;\n      width: 1em;\n      height: 1em;\n      margin-top: -0.5em;\n      -webkit-animation: spinner 1500ms infinite linear;\n      -moz-animation: spinner 1500ms infinite linear;\n      -ms-animation: spinner 1500ms infinite linear;\n      -o-animation: spinner 1500ms infinite linear;\n      animation: spinner 1500ms infinite linear;\n      border-radius: 0.5em;\n      -webkit-box-shadow: rgba(255,255,255, 1) 1.5em 0 0 0, rgba(255,255,255, 1) 1.1em 1.1em 0 0, rgba(255,255,255, 1) 0 1.5em 0 0, rgba(255,255,255, 1) -1.1em 1.1em 0 0, rgba(255,255,255, 1) -1.5em 0 0 0, rgba(255,255,255, 1) -1.1em -1.1em 0 0, rgba(255,255,255, 1) 0 -1.5em 0 0, rgba(255,255,255, 1) 1.1em -1.1em 0 0;\n      box-shadow: rgba(255,255,255, 1) 1.5em 0 0 0, rgba(255,255,255, 1) 1.1em 1.1em 0 0, rgba(255,255,255, 1) 0 1.5em 0 0, rgba(255,255,255, 1) -1.1em 1.1em 0 0, rgba(255,255,255, 1) -1.5em 0 0 0, rgba(255,255,255, 1) -1.1em -1.1em 0 0, rgba(255,255,255, 1) 0 -1.5em 0 0, rgba(255,255,255, 1) 1.1em -1.1em 0 0;\n    }\n\n    /* Modal changes on mobile resolution*/\n    @media only screen and (max-width: 600px) {\n      #data-verification-modal {\n        width: 90%;\n      }\n    }\n\n    /* Animation */\n    @-webkit-keyframes spinner {\n      0% {\n        -webkit-transform: rotate(0deg);\n        -moz-transform: rotate(0deg);\n        -ms-transform: rotate(0deg);\n        -o-transform: rotate(0deg);\n        transform: rotate(0deg);\n      }\n      100% {\n        -webkit-transform: rotate(360deg);\n        -moz-transform: rotate(360deg);\n        -ms-transform: rotate(360deg);\n        -o-transform: rotate(360deg);\n        transform: rotate(360deg);\n      }\n    }\n    @-moz-keyframes spinner {\n      0% {\n        -webkit-transform: rotate(0deg);\n        -moz-transform: rotate(0deg);\n        -ms-transform: rotate(0deg);\n        -o-transform: rotate(0deg);\n        transform: rotate(0deg);\n      }\n      100% {\n        -webkit-transform: rotate(360deg);\n        -moz-transform: rotate(360deg);\n        -ms-transform: rotate(360deg);\n        -o-transform: rotate(360deg);\n        transform: rotate(360deg);\n      }\n    }\n    @-o-keyframes spinner {\n      0% {\n        -webkit-transform: rotate(0deg);\n        -moz-transform: rotate(0deg);\n        -ms-transform: rotate(0deg);\n        -o-transform: rotate(0deg);\n        transform: rotate(0deg);\n      }\n      100% {\n        -webkit-transform: rotate(360deg);\n        -moz-transform: rotate(360deg);\n        -ms-transform: rotate(360deg);\n        -o-transform: rotate(360deg);\n        transform: rotate(360deg);\n      }\n    }\n    @keyframes spinner {\n      0% {\n        -webkit-transform: rotate(0deg);\n        -moz-transform: rotate(0deg);\n        -ms-transform: rotate(0deg);\n        -o-transform: rotate(0deg);\n        transform: rotate(0deg);\n      }\n      100% {\n        -webkit-transform: rotate(360deg);\n        -moz-transform: rotate(360deg);\n        -ms-transform: rotate(360deg);\n        -o-transform: rotate(360deg);\n        transform: rotate(360deg);\n      }\n    }\n  </style>\n<div id="gdpr_page" class="col-sm-12">\n    <div class="text-center">\n        The app used for assuring the GDPR/CCPA compliance of this site, collects your IP and the email address in order to process the data. For more check <a href="https://gdprcdn.b-cdn.net/pages/privacy_policy" target="_blank"> Privacy Policy</a><a>\n    </a>\n</div>\n    <h2>Data Rectification</h2>\n    <p>You can use the link below to update your account data if it is not accurate.</p>\n    <ul class="list-unstyled">\n        <li><button id="btn-gdpr-edit-account-request" aria-label="edit your account information" aria-controls="form-gdpr-edit-account-request" aria-expanded="false">Edit your account information</button></li>\n    </ul>\n    <div id="form-gdpr-edit-account-request">\n        <form>\n            <label for="form-gdpr-edit-account-request-email">Enter your email to confirm your identity</label>\n            <input type="email" name="email" id="form-gdpr-edit-account-request-email" placeholder="example@email.com" autocomplete="email" autocorrect="off" autocapitalize="off" autofocus="">\n            <input type="submit" class="btn" value="Submit">\n        </form>\n    </div>\n    <h2>Data Portability</h2>\n    <p>You can use the links below to download all the data we store and use for a better experience in our store.</p>\n    <ul class="list-unstyled">\n      <li><button id="btn-gdpr-requests-request" aria-label="GDPR requests" aria-controls="form-gdpr-data-account-request" aria-expanded="false">GDPR requests</button></li>\n      <li><button id="btn-gdpr-personal-information-request" aria-label="personal information" aria-controls="form-gdpr-data-account-request" aria-expanded="false">Personal information</button></li>\n      <li><button id="btn-gdpr-orders-request" aria-label="orders" aria-controls="form-gdpr-data-account-request" aria-expanded="false">Orders</button></li>\n    </ul>\n    <div id="form-gdpr-data-account-request">\n        <form>\n            <label for="form-gdpr-data-account-request-email">Enter your email to confirm your identity</label>\n            <input type="email" name="email" id="form-gdpr-data-account-request-email" placeholder="example@email.com" autocomplete="email" autocorrect="off" autocapitalize="off" autofocus="">\n            <input type="submit" class="btn" value="Submit">\n            <input type="hidden" name="request_type" value="">\n        </form>\n    </div>\n    <h2>Access to Personal Data</h2>\n    <p>You can use the link below to request a report which will contain all personal information that we store for you.</p>\n    <ul class="list-unstyled">\n      <li><button id="btn-gdpr-personal-data-report-request" aria-label="request a report" aria-controls="form-gdpr-personal-data-report-request" aria-expanded="false">Request a report</button></li>\n    </ul>\n    <div id="form-gdpr-personal-data-report-request">\n        <form>\n            <label for="form-gdpr-personal-data-report-request-email">Enter your email to confirm your identity</label>\n            <input type="email" name="email" id="form-gdpr-personal-data-report-request-email" placeholder="example@email.com" autocomplete="email" autocorrect="off" autocapitalize="off" autofocus="">\n            <input type="submit" class="btn" value="Submit">\n        </form>\n    </div>\n    <h2>Right to be Forgotten</h2>\n    <p>Use this option if you want to remove your personal and other data from our store. Keep in mind that <strong>this process will delete your account, so you will no longer be able to access or use it anymore</strong>.</p>\n    <ul class="list-unstyled">\n      <li><button id="btn-gdpr-delete-account-request" aria-label="request personal data deletion" aria-controls="form-gdpr-delete-account-request" aria-expanded="false">Request personal data deletion</button></li>\n    </ul>\n    <div id="form-gdpr-delete-account-request">\n        <form>\n            <label for="form-gdpr-delete-account-request-email">Enter your email to confirm your identity</label>\n            <input type="email" name="email" id="form-gdpr-delete-account-request-email" placeholder="example@email.com" autocomplete="email" autocorrect="off" autocapitalize="off" autofocus="">\n            <input type="submit" class="btn" value="Submit">\n        </form>\n    </div>\n</div>\n\n<script src="https://code.jquery.com/jquery-2.2.4.min.js" integrity="sha256-BbhdlvQf/xTY9gja0Dq3HiwQF8LaCRTXxZKRutelT44=" crossorigin="anonymous"></script>\n\n<script>\n    var gdprSlideUpAll = function() {\n        $(''#form-gdpr-edit-account-request'').slideUp(100);\n        $(''#form-gdpr-data-account-request'').slideUp(100);\n        $(''#form-gdpr-personal-data-report-request'').slideUp(100);\n        $(''#form-gdpr-delete-account-request'').slideUp(100);\n        $(''#gdpr_page button'').attr("aria-expanded", "false");\n    };\n\n    var email, type, consentGiven = false;\n    var verificationModalContent = ''<div id="data-verification-background"><div class="loading"></div><div id="data-verification-modal"><span class="data-verification-close">&times;</span><div id="data-verification-container"><input type="checkbox" style="display: none;"><label id="data-verification-icon"><svg width="18px" height="18px" viewBox="0 0 18 18"><path d="M1,9 L1,3.5 C1,2 2,1 3.5,1 L14.5,1 C16,1 17,2 17,3.5 L17,14.5 C17,16 16,17 14.5,17 L3.5,17 C2,17 1,16 1,14.5 L1,9 Z"></path></path><polyline points="1 9 7 14 15 4"></polyline></svg></label><p>I give my consent on collecting my email and IP address for the purpose of processing this request. For more check <a href="https://gdprcdn.b-cdn.net/pages/privacy_policy"  target="_blank">Privacy Policy</a>.</p></div></div></div>'';\n\n    var gdprSendRequest = function(callback) {\n      $.ajax({\n        url: ''https://www.cloudflare.com/cdn-cgi/trace'',\n        method: ''GET'',\n        success: function(resp) {\n          if (!resp.error) {\n            let ipInfo = resp;\n            let ipRegex = /[0-9]{1,3}.[0-9]{1,3}.[0-9]{1,3}.[0-9]{1,3}/\n            let ipAddress = ipInfo.match(ipRegex)[0];\n\n            $.ajax({\n                url: ''https://gdpr.apps.isenselabs.com/gdprRequests/submitRequest'',\n                method: ''POST'',\n                data: {\n                    shop: Shopify.shop,\n                    email: email,\n                    type: type,\n                    sourceOfRequest: 1,\n                    ipAddress: ipAddress,\n                    consentGiven: consentGiven,\n                    lang: Shopify.locale ? Shopify.locale : '''',\n                    gtranslateLang: isenseGDPR.Cookies.get(''googtrans'') ? isenseGDPR.Cookies.get(''googtrans'') : ''''\n                },\n                success: function(resp) {\n                    if (!resp.error) {\n                        gdprSlideUpAll();\n                        alert(''Your request has been submitted successfully. Please check your email for more information.'');\n                    } else {\n                        alert(resp.message);\n                    }\n                    if (typeof callback == ''function'') {\n                        callback(resp);\n                    }\n                }\n            });\n          } else {\n              alert(resp.message);\n          }\n        }\n      });\n    }\n\n    $(document).ready(function() {\n      //Append modal to body, because otherwise it will not stay centered(even if position is fixed)\n      $("body").append(verificationModalContent);\n\n      // When the user clicks on <span> (x), close the modal\n      $(''.data-verification-close:first'').on(''click'', function(e) {\n          e.preventDefault();\n          closeVerificationModal();\n      });\n\n      $(''#data-verification-icon, #data-verification-container p'').on(''click'', function(e) {\n          e.preventDefault();\n\n          // Detect a href''s click, because it is overwritten.\n          if($(e.target).is("a")) {\n            window.open(e.target.href, ''_blank'');\n            return;\n          }\n\n          $(''#data-verification-icon'').addClass("clicked");\n          setTimeout(()=>{\n            $("#data-verification-modal").fadeOut();\n            $(''#data-verification-background .loading'').css(''display'', ''inline-block'');\n            consentGiven = true;\n            gdprSendRequest(function(resp) {\n                consentGiven = false;\n                closeVerificationModal();\n            });\n          }, 400);\n      });\n    });\n\n    function openVerificationModal(){\n      $("#data-verification-modal").css("display", "block")\n      $(''#data-verification-background'').css("display", "block");\n    }\n    function closeVerificationModal(){\n      $(''#data-verification-background'').fadeOut();\n      $(''#data-verification-icon'').removeClass("clicked");\n      $(''#data-verification-background .loading'').css(''display'', ''none'');\n    }\n\n    $(''#btn-gdpr-edit-account-request'').on(''click'', function(e) {\n        e.preventDefault();\n        gdprSlideUpAll();\n        $(''#form-gdpr-edit-account-request'').slideDown(200);\n        $(this).attr("aria-expanded", "true");\n    });\n\n    $(''#form-gdpr-edit-account-request form input[type=submit]'').on(''click'', function(e) {\n        e.preventDefault();\n        email = $(''#form-gdpr-edit-account-request form input[name=email]'').val();\n        type = ''customer/edit'';\n        openVerificationModal();\n    });\n\n    $(''#btn-gdpr-requests-request, #btn-gdpr-personal-information-request, #btn-gdpr-orders-request'').on(''click'', function(e) {\n        e.preventDefault();\n        gdprSlideUpAll();\n\n        type = '''';\n\n        switch($(this).attr(''id'')) {\n            case ''btn-gdpr-requests-request'':\n                type = ''customer/requests'';\n                break;\n            case ''btn-gdpr-personal-information-request'':\n                type = ''customer/personal_info'';\n                break;\n            case ''btn-gdpr-orders-request'':\n                type = ''customer/orders'';\n                break;\n        }\n\n        $(''#form-gdpr-data-account-request form input[name="request_type"]'').val(type);\n\n        $(''#form-gdpr-data-account-request'').slideDown(200);\n        $(this).attr("aria-expanded", "true");\n    });\n\n    $(''#form-gdpr-data-account-request form input[type=submit]'').on(''click'', function(e) {\n        e.preventDefault();\n        email = $(''#form-gdpr-data-account-request form input[name=email]'').val();\n        type = $(''#form-gdpr-data-account-request form input[name="request_type"]'').val();\n        openVerificationModal();\n    });\n\n    $(''#btn-gdpr-personal-data-report-request'').on(''click'', function(e) {\n        e.preventDefault();\n        gdprSlideUpAll();\n        $(''#form-gdpr-personal-data-report-request'').slideDown(200);\n        $(this).attr("aria-expanded", "true");\n    });\n\n    $(''#form-gdpr-personal-data-report-request form input[type=submit]'').on(''click'', function(e) {\n        e.preventDefault();\n        email = $(''#form-gdpr-personal-data-report-request form input[name=email]'').val();\n        type = ''customer/report'';\n        openVerificationModal();\n    });\n\n    $(''#btn-gdpr-delete-account-request'').on(''click'', function(e) {\n        e.preventDefault();\n        gdprSlideUpAll();\n        $(''#form-gdpr-delete-account-request'').slideDown(200);\n        $(this).attr("aria-expanded", "true");\n    });\n\n    $(''#form-gdpr-delete-account-request form input[type=submit]'').on(''click'', function(e) {\n        e.preventDefault();\n        email = $(''#form-gdpr-delete-account-request form input[name=email]'').val();\n        type = ''customer/delete'';\n        openVerificationModal();\n    });\n  </script>\n','\n',char(10)),NULL,'GDPR Compliance','#form-gdpr-edit-account-request, #form-gdpr-data-account-request, #form-gdpr-personal-data-report-request, #form-gdpr-delete-account-request { display: none;...',NULL,'published',1636491562,'default',NULL,0,1636491562,1636491562,NULL,NULL,1,0,NULL,NULL,NULL,0,NULL);
INSERT OR REPLACE INTO "pages" ("id","title","slug","content","excerpt","meta_title","meta_description","meta_keywords","status","published_at","template","parent_id","sort_order","created_at","updated_at","created_by","updated_by","version","show_in_nav","nav_title","custom_css","custom_js","is_protected","required_roles") VALUES(11,'Join Our Beautea Community','join-our-beautea-community',replace('<div style="display: none;"></div>\n<div style="display: none;"></div>\n<h2 style="text-align: center;">Please join our mailing list!</h2>\n<div style="text-align: center;"></div>\n<div style="text-align: center;">What you''ll get:</div>\n<div style="text-align: center;"></div>\n<h3 style="text-align: center;">Discounts!<br>Beauty Tips!<br>Fresh Product Drops!<br>More!</h3>\n<div style="text-align: center;"></div>\n<div style="text-align: center;"></div>\n<div style="text-align: center;">When you join you''ll get a discount code as a thank you. </div>\n<div style="text-align: center;"></div>\n<div style="text-align: center;">You can always unsubscribe if we ever bore you.</div>\n<p> </p>\n<div class="privy-embed-form" data-campaign="2539417"></div>','\n',char(10)),NULL,'Join Our Beautea Community','Please join our mailing list! What you''ll get: Discounts! Beauty Tips! Fresh Product Drops! More! When you join you''ll get a discount code as a thank you. Yo...',NULL,'published',1625329847,'default',NULL,0,1625329847,1625330067,NULL,NULL,1,0,NULL,NULL,NULL,0,NULL);
INSERT OR REPLACE INTO "pages" ("id","title","slug","content","excerpt","meta_title","meta_description","meta_keywords","status","published_at","template","parent_id","sort_order","created_at","updated_at","created_by","updated_by","version","show_in_nav","nav_title","custom_css","custom_js","is_protected","required_roles") VALUES(12,'Maskne Treatment','maskne-treatment','',NULL,'Maskne Treatment',NULL,NULL,'published',1629135405,'default',NULL,0,1629135405,1773009912,NULL,NULL,1,0,NULL,NULL,NULL,0,NULL);
INSERT OR REPLACE INTO "pages" ("id","title","slug","content","excerpt","meta_title","meta_description","meta_keywords","status","published_at","template","parent_id","sort_order","created_at","updated_at","created_by","updated_by","version","show_in_nav","nav_title","custom_css","custom_js","is_protected","required_roles") VALUES(13,'Subscriptions','subscriptions',replace('<div style="display: none;"></div>\n<div style="display: none;"></div>\n<p>The only thing better than drinking our tea, is drinking our tea every day!  In addition to tasting great, BeauTeas are functional teas.  This means that they are each carefully blended with ingredients designed to help your body in some way. </p>\n<div style="text-align: left;"></div>\n<p>Our organic herbs and flowers are much better for you than harsh chemicals, but they may take a little time to take effect.  We recommend drinking at least one cup of tea every day.  It''s even better if you can drink several cups of tea, as you''ll be getting more helpful plant based healing, and keeping hydrated.</p>\n<p>To help encourage you to drink tea every day, we offer Subscriptions for all of our teas.  Picking a Subscription means you''ll get your favorite tea delivered every month automatically.  To sweeten the (tea) pot, we offer <strong>a 10% Discount</strong> for Subscriptions.  </p>\n<p>Save more money, drink more tea, be more healthy!</p>\n<p>You can always change or cancel your subscription at anytime.  We don''t believe in lock-in.  </p>\n<p><img src="https://cdn.shopify.com/s/files/1/0554/7288/1831/files/85A6547_1024x1024.jpg?v=1625358249" width="1024x1024" height="1024x1024"></p>','\n',char(10)),NULL,'Subscriptions','The only thing better than drinking our tea, is drinking our tea every day! In addition to tasting great, BeauTeas are functional teas. This means that they ...',NULL,'published',1625358265,'default',NULL,0,1625358265,1632409562,NULL,NULL,1,0,NULL,NULL,NULL,0,NULL);
